<?xml version="1.0" encoding="UTF-8"?>
<metadata xml:lang="en"><Esri><CreaDate>20171111</CreaDate><CreaTime>16185800</CreaTime><ArcGISFormat>1.0</ArcGISFormat><SyncOnce>FALSE</SyncOnce><DataProperties><lineage><Process ToolSource="c:\program files (x86)\arcgis\desktop10.4\ArcToolbox\Toolboxes\Data Management Tools.tbx\CalculateField" Date="20171111" Time="161858">CalculateField yng_vacant_properties_2008 Year 2008 VB #</Process><Process ToolSource="c:\program files (x86)\arcgis\desktop10.4\ArcToolbox\Toolboxes\Data Management Tools.tbx\Merge" Date="20171111" Time="162525">Merge yng_vacant_properties_2008;yng_vacant_properties_2010;yng_vacant_properties_2012;yng_vacant_properties_2016 "I:\01_GIS\Combined Vacant Land.shp" "OBJECTID "OBJECTID" true true false 10 Long 0 10 ,First,#,yng_vacant_properties_2008,OBJECTID,-1,-1,yng_vacant_properties_2010,OBJECTID,-1,-1,yng_vacant_properties_2012,OBJECTID,-1,-1,yng_vacant_properties_2016,OBJECTID,-1,-1;PARCEL_ID "PARCEL_ID" true true false 20 Text 0 0 ,First,#,yng_vacant_properties_2008,PARCEL_ID,-1,-1,yng_vacant_properties_2010,PARCEL_ID,-1,-1,yng_vacant_properties_2012,PARCEL_ID,-1,-1,yng_vacant_properties_2016,PARCEL_ID,-1,-1;LOCNUM "LOCNUM" true true false 254 Text 0 0 ,First,#,yng_vacant_properties_2008,LOCNUM,-1,-1,yng_vacant_properties_2010,LOCNUM,-1,-1,yng_vacant_properties_2012,LOCNUM,-1,-1;LOCPREF "LOCPREF" true true false 254 Text 0 0 ,First,#,yng_vacant_properties_2008,LOCPREF,-1,-1,yng_vacant_properties_2010,LOCPREF,-1,-1;LOCSTREET "LOCSTREET" true true false 254 Text 0 0 ,First,#,yng_vacant_properties_2008,LOCSTREET,-1,-1,yng_vacant_properties_2010,LOCSTREET,-1,-1;LOCSUFFIX "LOCSUFFIX" true true false 254 Text 0 0 ,First,#,yng_vacant_properties_2008,LOCSUFFIX,-1,-1,yng_vacant_properties_2010,LOCSUFFIX,-1,-1;LOCSUFFIXD "LOCSUFFIXD" true true false 254 Text 0 0 ,First,#,yng_vacant_properties_2008,LOCSUFFIXD,-1,-1,yng_vacant_properties_2010,LOCSUFFIXD,-1,-1;ORG_CLUST "ORG_CLUST" true true false 25 Text 0 0 ,First,#,yng_vacant_properties_2008,ORG_CLUST,-1,-1;VACANCY_08 "VACANCY_08" true true false 50 Text 0 0 ,First,#,yng_vacant_properties_2008,VACANCY_08,-1,-1;STRUCTURES "STRUCTURES" true true false 10 Long 0 10 ,First,#,yng_vacant_properties_2008,STRUCTURES,-1,-1;ACRES "ACRES" true true false 19 Double 0 0 ,First,#,yng_vacant_properties_2008,ACRES,-1,-1;LU_DEC "LU_DEC" true true false 10 Long 0 10 ,First,#,yng_vacant_properties_2008,LU_DEC,-1,-1;SIDE "SIDE" true true false 10 Text 0 0 ,First,#,yng_vacant_properties_2008,SIDE,-1,-1,yng_vacant_properties_2010,SIDE,-1,-1;Year "Year" true true false 5 Long 0 5 ,First,#,yng_vacant_properties_2008,Year,-1,-1,yng_vacant_properties_2010,Year,-1,-1,yng_vacant_properties_2012,Year,-1,-1,yng_vacant_properties_2016,Year,-1,-1;SURVEY2010 "SURVEY2010" true true false 35 Text 0 0 ,First,#,yng_vacant_properties_2010,SURVEY2010,-1,-1;BOARD "BOARD" true true false 5 Long 0 5 ,First,#,yng_vacant_properties_2010,BOARD,-1,-1;NM "NM" true true false 5 Long 0 5 ,First,#,yng_vacant_properties_2010,NM,-1,-1;NOTE "NOTE" true true false 50 Text 0 0 ,First,#,yng_vacant_properties_2010,NOTE,-1,-1;FTR_CODE "FTR_CODE" true true false 20 Text 0 0 ,First,#,yng_vacant_properties_2012,FTR_CODE,-1,-1,yng_vacant_properties_2016,FTR_CODE,-1,-1;SURVEY12 "SURVEY12" true true false 50 Text 0 0 ,First,#,yng_vacant_properties_2012,SURVEY12,-1,-1;Location_A "Location_A" true true false 254 Text 0 0 ,First,#,yng_vacant_properties_2016,Location_A,-1,-1;Commercial "Commercial" true true false 254 Text 0 0 ,First,#,yng_vacant_properties_2016,Commercial,-1,-1;Vacancy_Ra "Vacancy_Ra" true true false 254 Text 0 0 ,First,#,yng_vacant_properties_2016,Vacancy_Ra,-1,-1;Notes "Notes" true true false 254 Text 0 0 ,First,#,yng_vacant_properties_2016,Notes,-1,-1;Tract10 "Tract10" true true false 254 Text 0 0 ,First,#,yng_vacant_properties_2016,Tract10,-1,-1;TwoStructu "TwoStructu" true true false 1 Text 0 0 ,First,#,yng_vacant_properties_2016,TwoStructu,-1,-1;TwoStruc_1 "TwoStruc_1" true true false 250 Text 0 0 ,First,#,yng_vacant_properties_2016,TwoStruc_1,-1,-1;FrontRatin "FrontRatin" true true false 1 Text 0 0 ,First,#,yng_vacant_properties_2016,FrontRatin,-1,-1;BackRating "BackRating" true true false 1 Text 0 0 ,First,#,yng_vacant_properties_2016,BackRating,-1,-1"</Process></lineage><itemProps><itemName Sync="TRUE">Combined Vacant Land</itemName><imsContentType Sync="TRUE">002</imsContentType><itemSize Sync="TRUE">0.000</itemSize><itemLocation><linkage Sync="TRUE">file://\\DESKTOP-IKH72IL\I$\01_GIS\Combined Vacant Land.shp</linkage><protocol Sync="TRUE">Local Area Network</protocol></itemLocation></itemProps><coordRef><type Sync="TRUE">Projected</type><geogcsn Sync="TRUE">GCS_North_American_1983</geogcsn><csUnits Sync="TRUE">Linear Unit: Foot_US (0.304801)</csUnits><projcsn Sync="TRUE">NAD_1983_StatePlane_Ohio_North_FIPS_3401_Feet</projcsn><peXml Sync="TRUE">&lt;ProjectedCoordinateSystem xsi:type='typens:ProjectedCoordinateSystem' xmlns:xsi='http://www.w3.org/2001/XMLSchema-instance' xmlns:xs='http://www.w3.org/2001/XMLSchema' xmlns:typens='http://www.esri.com/schemas/ArcGIS/10.4'&gt;&lt;WKT&gt;PROJCS[&amp;quot;NAD_1983_StatePlane_Ohio_North_FIPS_3401_Feet&amp;quot;,GEOGCS[&amp;quot;GCS_North_American_1983&amp;quot;,DATUM[&amp;quot;D_North_American_1983&amp;quot;,SPHEROID[&amp;quot;GRS_1980&amp;quot;,6378137.0,298.257222101]],PRIMEM[&amp;quot;Greenwich&amp;quot;,0.0],UNIT[&amp;quot;Degree&amp;quot;,0.0174532925199433]],PROJECTION[&amp;quot;Lambert_Conformal_Conic&amp;quot;],PARAMETER[&amp;quot;False_Easting&amp;quot;,1968500.0],PARAMETER[&amp;quot;False_Northing&amp;quot;,0.0],PARAMETER[&amp;quot;Central_Meridian&amp;quot;,-82.5],PARAMETER[&amp;quot;Standard_Parallel_1&amp;quot;,40.43333333333333],PARAMETER[&amp;quot;Standard_Parallel_2&amp;quot;,41.7],PARAMETER[&amp;quot;Latitude_Of_Origin&amp;quot;,39.66666666666666],UNIT[&amp;quot;Foot_US&amp;quot;,0.3048006096012192],AUTHORITY[&amp;quot;EPSG&amp;quot;,3734]]&lt;/WKT&gt;&lt;XOrigin&gt;-118963900&lt;/XOrigin&gt;&lt;YOrigin&gt;-96373800&lt;/YOrigin&gt;&lt;XYScale&gt;37240637.144144125&lt;/XYScale&gt;&lt;ZOrigin&gt;-100000&lt;/ZOrigin&gt;&lt;ZScale&gt;10000&lt;/ZScale&gt;&lt;MOrigin&gt;-100000&lt;/MOrigin&gt;&lt;MScale&gt;10000&lt;/MScale&gt;&lt;XYTolerance&gt;0.0032808333333333331&lt;/XYTolerance&gt;&lt;ZTolerance&gt;0.001&lt;/ZTolerance&gt;&lt;MTolerance&gt;0.001&lt;/MTolerance&gt;&lt;HighPrecision&gt;true&lt;/HighPrecision&gt;&lt;WKID&gt;102722&lt;/WKID&gt;&lt;LatestWKID&gt;3734&lt;/LatestWKID&gt;&lt;/ProjectedCoordinateSystem&gt;</peXml></coordRef></DataProperties><SyncDate>20171111</SyncDate><SyncTime>16251900</SyncTime><ModDate>20171111</ModDate><ModTime>16251900</ModTime></Esri><dataIdInfo><envirDesc Sync="TRUE"> Version 6.2 (Build 9200) ; Esri ArcGIS 10.4.0.5524</envirDesc><dataLang><languageCode value="eng" Sync="TRUE"></languageCode><countryCode value="USA" Sync="TRUE"></countryCode></dataLang><idCitation><resTitle Sync="TRUE">Combined Vacant Land</resTitle><presForm><PresFormCd value="005" Sync="TRUE"></PresFormCd></presForm></idCitation><spatRpType><SpatRepTypCd value="001" Sync="TRUE"></SpatRepTypCd></spatRpType></dataIdInfo><mdLang><languageCode value="eng" Sync="TRUE"></languageCode><countryCode value="USA" Sync="TRUE"></countryCode></mdLang><mdChar><CharSetCd value="004" Sync="TRUE"></CharSetCd></mdChar><distInfo><distFormat><formatName Sync="TRUE">Shapefile</formatName></distFormat><distTranOps><transSize Sync="TRUE">0.000</transSize></distTranOps></distInfo><mdHrLv><ScopeCd value="005" Sync="TRUE"></ScopeCd></mdHrLv><mdHrLvName Sync="TRUE">dataset</mdHrLvName><refSysInfo><RefSystem><refSysID><identCode code="3734" Sync="TRUE"></identCode><idCodeSpace Sync="TRUE">EPSG</idCodeSpace><idVersion Sync="TRUE">6.13(9.3.0.0)</idVersion></refSysID></RefSystem></refSysInfo><spatRepInfo><VectSpatRep><geometObjs Name="Combined Vacant Land"><geoObjTyp><GeoObjTypCd value="002" Sync="TRUE"></GeoObjTypCd></geoObjTyp><geoObjCnt Sync="TRUE">0</geoObjCnt></geometObjs><topLvl><TopoLevCd value="001" Sync="TRUE"></TopoLevCd></topLvl></VectSpatRep></spatRepInfo><spdoinfo><ptvctinf><esriterm Name="Combined Vacant Land"><efeatyp Sync="TRUE">Simple</efeatyp><efeageom code="4" Sync="TRUE"></efeageom><esritopo Sync="TRUE">FALSE</esritopo><efeacnt Sync="TRUE">0</efeacnt><spindex Sync="TRUE">FALSE</spindex><linrefer Sync="TRUE">FALSE</linrefer></esriterm></ptvctinf></spdoinfo><eainfo><detailed Name="Combined Vacant Land"><enttyp><enttypl Sync="TRUE">Combined Vacant Land</enttypl><enttypt Sync="TRUE">Feature Class</enttypt><enttypc Sync="TRUE">0</enttypc></enttyp><attr><attrlabl Sync="TRUE">FID</attrlabl><attalias Sync="TRUE">FID</attalias><attrtype Sync="TRUE">OID</attrtype><attwidth Sync="TRUE">4</attwidth><atprecis Sync="TRUE">0</atprecis><attscale Sync="TRUE">0</attscale><attrdef Sync="TRUE">Internal feature number.</attrdef><attrdefs Sync="TRUE">Esri</attrdefs><attrdomv><udom Sync="TRUE">Sequential unique whole numbers that are automatically generated.</udom></attrdomv></attr><attr><attrlabl Sync="TRUE">Shape</attrlabl><attalias Sync="TRUE">Shape</attalias><attrtype Sync="TRUE">Geometry</attrtype><attwidth Sync="TRUE">0</attwidth><atprecis Sync="TRUE">0</atprecis><attscale Sync="TRUE">0</attscale><attrdef Sync="TRUE">Feature geometry.</attrdef><attrdefs Sync="TRUE">Esri</attrdefs><attrdomv><udom Sync="TRUE">Coordinates defining the features.</udom></attrdomv></attr><attr><attrlabl Sync="TRUE">OBJECTID</attrlabl><attalias Sync="TRUE">OBJECTID</attalias><attrtype Sync="TRUE">Integer</attrtype><attwidth Sync="TRUE">10</attwidth><atprecis Sync="TRUE">10</atprecis><attscale Sync="TRUE">0</attscale></attr><attr><attrlabl Sync="TRUE">PARCEL_ID</attrlabl><attalias Sync="TRUE">PARCEL_ID</attalias><attrtype Sync="TRUE">String</attrtype><attwidth Sync="TRUE">20</attwidth><atprecis Sync="TRUE">0</atprecis><attscale Sync="TRUE">0</attscale></attr><attr><attrlabl Sync="TRUE">LOCNUM</attrlabl><attalias Sync="TRUE">LOCNUM</attalias><attrtype Sync="TRUE">String</attrtype><attwidth Sync="TRUE">254</attwidth><atprecis Sync="TRUE">0</atprecis><attscale Sync="TRUE">0</attscale></attr><attr><attrlabl Sync="TRUE">LOCPREF</attrlabl><attalias Sync="TRUE">LOCPREF</attalias><attrtype Sync="TRUE">String</attrtype><attwidth Sync="TRUE">254</attwidth><atprecis Sync="TRUE">0</atprecis><attscale Sync="TRUE">0</attscale></attr><attr><attrlabl Sync="TRUE">LOCSTREET</attrlabl><attalias Sync="TRUE">LOCSTREET</attalias><attrtype Sync="TRUE">String</attrtype><attwidth Sync="TRUE">254</attwidth><atprecis Sync="TRUE">0</atprecis><attscale Sync="TRUE">0</attscale></attr><attr><attrlabl Sync="TRUE">LOCSUFFIX</attrlabl><attalias Sync="TRUE">LOCSUFFIX</attalias><attrtype Sync="TRUE">String</attrtype><attwidth Sync="TRUE">254</attwidth><atprecis Sync="TRUE">0</atprecis><attscale Sync="TRUE">0</attscale></attr><attr><attrlabl Sync="TRUE">LOCSUFFIXD</attrlabl><attalias Sync="TRUE">LOCSUFFIXD</attalias><attrtype Sync="TRUE">String</attrtype><attwidth Sync="TRUE">254</attwidth><atprecis Sync="TRUE">0</atprecis><attscale Sync="TRUE">0</attscale></attr><attr><attrlabl Sync="TRUE">ORG_CLUST</attrlabl><attalias Sync="TRUE">ORG_CLUST</attalias><attrtype Sync="TRUE">String</attrtype><attwidth Sync="TRUE">25</attwidth><atprecis Sync="TRUE">0</atprecis><attscale Sync="TRUE">0</attscale></attr><attr><attrlabl Sync="TRUE">VACANCY_08</attrlabl><attalias Sync="TRUE">VACANCY_08</attalias><attrtype Sync="TRUE">String</attrtype><attwidth Sync="TRUE">50</attwidth><atprecis Sync="TRUE">0</atprecis><attscale Sync="TRUE">0</attscale></attr><attr><attrlabl Sync="TRUE">STRUCTURES</attrlabl><attalias Sync="TRUE">STRUCTURES</attalias><attrtype Sync="TRUE">Integer</attrtype><attwidth Sync="TRUE">10</attwidth><atprecis Sync="TRUE">10</atprecis><attscale Sync="TRUE">0</attscale></attr><attr><attrlabl Sync="TRUE">ACRES</attrlabl><attalias Sync="TRUE">ACRES</attalias><attrtype Sync="TRUE">Double</attrtype><attwidth Sync="TRUE">19</attwidth><atprecis Sync="TRUE">0</atprecis><attscale Sync="TRUE">0</attscale></attr><attr><attrlabl Sync="TRUE">LU_DEC</attrlabl><attalias Sync="TRUE">LU_DEC</attalias><attrtype Sync="TRUE">Integer</attrtype><attwidth Sync="TRUE">10</attwidth><atprecis Sync="TRUE">10</atprecis><attscale Sync="TRUE">0</attscale></attr><attr><attrlabl Sync="TRUE">SIDE</attrlabl><attalias Sync="TRUE">SIDE</attalias><attrtype Sync="TRUE">String</attrtype><attwidth Sync="TRUE">10</attwidth><atprecis Sync="TRUE">0</atprecis><attscale Sync="TRUE">0</attscale></attr><attr><attrlabl Sync="TRUE">Year</attrlabl><attalias Sync="TRUE">Year</attalias><attrtype Sync="TRUE">Integer</attrtype><attwidth Sync="TRUE">10</attwidth><atprecis Sync="TRUE">10</atprecis><attscale Sync="TRUE">0</attscale></attr><attr><attrlabl Sync="TRUE">SURVEY2010</attrlabl><attalias Sync="TRUE">SURVEY2010</attalias><attrtype Sync="TRUE">String</attrtype><attwidth Sync="TRUE">35</attwidth><atprecis Sync="TRUE">0</atprecis><attscale Sync="TRUE">0</attscale></attr><attr><attrlabl Sync="TRUE">BOARD</attrlabl><attalias Sync="TRUE">BOARD</attalias><attrtype Sync="TRUE">Integer</attrtype><attwidth Sync="TRUE">10</attwidth><atprecis Sync="TRUE">10</atprecis><attscale Sync="TRUE">0</attscale></attr><attr><attrlabl Sync="TRUE">NM</attrlabl><attalias Sync="TRUE">NM</attalias><attrtype Sync="TRUE">Integer</attrtype><attwidth Sync="TRUE">10</attwidth><atprecis Sync="TRUE">10</atprecis><attscale Sync="TRUE">0</attscale></attr><attr><attrlabl Sync="TRUE">NOTE</attrlabl><attalias Sync="TRUE">NOTE</attalias><attrtype Sync="TRUE">String</attrtype><attwidth Sync="TRUE">50</attwidth><atprecis Sync="TRUE">0</atprecis><attscale Sync="TRUE">0</attscale></attr><attr><attrlabl Sync="TRUE">FTR_CODE</attrlabl><attalias Sync="TRUE">FTR_CODE</attalias><attrtype Sync="TRUE">String</attrtype><attwidth Sync="TRUE">20</attwidth><atprecis Sync="TRUE">0</atprecis><attscale Sync="TRUE">0</attscale></attr><attr><attrlabl Sync="TRUE">SURVEY12</attrlabl><attalias Sync="TRUE">SURVEY12</attalias><attrtype Sync="TRUE">String</attrtype><attwidth Sync="TRUE">50</attwidth><atprecis Sync="TRUE">0</atprecis><attscale Sync="TRUE">0</attscale></attr><attr><attrlabl Sync="TRUE">Location_A</attrlabl><attalias Sync="TRUE">Location_A</attalias><attrtype Sync="TRUE">String</attrtype><attwidth Sync="TRUE">254</attwidth><atprecis Sync="TRUE">0</atprecis><attscale Sync="TRUE">0</attscale></attr><attr><attrlabl Sync="TRUE">Commercial</attrlabl><attalias Sync="TRUE">Commercial</attalias><attrtype Sync="TRUE">String</attrtype><attwidth Sync="TRUE">254</attwidth><atprecis Sync="TRUE">0</atprecis><attscale Sync="TRUE">0</attscale></attr><attr><attrlabl Sync="TRUE">Vacancy_Ra</attrlabl><attalias Sync="TRUE">Vacancy_Ra</attalias><attrtype Sync="TRUE">String</attrtype><attwidth Sync="TRUE">254</attwidth><atprecis Sync="TRUE">0</atprecis><attscale Sync="TRUE">0</attscale></attr><attr><attrlabl Sync="TRUE">Notes</attrlabl><attalias Sync="TRUE">Notes</attalias><attrtype Sync="TRUE">String</attrtype><attwidth Sync="TRUE">254</attwidth><atprecis Sync="TRUE">0</atprecis><attscale Sync="TRUE">0</attscale></attr><attr><attrlabl Sync="TRUE">Tract10</attrlabl><attalias Sync="TRUE">Tract10</attalias><attrtype Sync="TRUE">String</attrtype><attwidth Sync="TRUE">254</attwidth><atprecis Sync="TRUE">0</atprecis><attscale Sync="TRUE">0</attscale></attr><attr><attrlabl Sync="TRUE">TwoStructu</attrlabl><attalias Sync="TRUE">TwoStructu</attalias><attrtype Sync="TRUE">String</attrtype><attwidth Sync="TRUE">1</attwidth><atprecis Sync="TRUE">0</atprecis><attscale Sync="TRUE">0</attscale></attr><attr><attrlabl Sync="TRUE">TwoStruc_1</attrlabl><attalias Sync="TRUE">TwoStruc_1</attalias><attrtype Sync="TRUE">String</attrtype><attwidth Sync="TRUE">250</attwidth><atprecis Sync="TRUE">0</atprecis><attscale Sync="TRUE">0</attscale></attr><attr><attrlabl Sync="TRUE">FrontRatin</attrlabl><attalias Sync="TRUE">FrontRatin</attalias><attrtype Sync="TRUE">String</attrtype><attwidth Sync="TRUE">1</attwidth><atprecis Sync="TRUE">0</atprecis><attscale Sync="TRUE">0</attscale></attr><attr><attrlabl Sync="TRUE">BackRating</attrlabl><attalias Sync="TRUE">BackRating</attalias><attrtype Sync="TRUE">String</attrtype><attwidth Sync="TRUE">1</attwidth><atprecis Sync="TRUE">0</atprecis><attscale Sync="TRUE">0</attscale></attr></detailed></eainfo><mdDateSt Sync="TRUE">20171111</mdDateSt></metadata>
