<metadata xml:lang="en"><Esri><CreaDate>20160826</CreaDate><CreaTime>15125300</CreaTime><SyncOnce>FALSE</SyncOnce><SyncDate>20170831</SyncDate><SyncTime>19524700</SyncTime><ModDate>20170831</ModDate><ModTime>19524700</ModTime><DataProperties><lineage><Process Name="SpatialJoin_3" ToolSource="C:\Program Files\ArcGIS\ArcToolbox\Toolboxes\Analysis Tools.tbx\SpatialJoin" Date="20110805" Time="143639">SpatialJoin blks10Selected MCD0_Dissolve C:\AA-IL\blks10Selected_SpatialJoin3.shp JOIN_ONE_TO_ONE KEEP_ALL "OBJECTID OBJECTID true false false 9 Long 0 9 ,First,#,C:\AA-IL\blks10Selected.shp,OBJECTID,-1,-1;STATEFP10 STATEFP10 true false false 2 Text 0 0 ,First,#,C:\AA-IL\blks10Selected.shp,STATEFP10,-1,-1;COUNTYFP10 COUNTYFP10 true false false 3 Text 0 0 ,First,#,C:\AA-IL\blks10Selected.shp,COUNTYFP10,-1,-1;TRACTCE10 TRACTCE10 true false false 6 Text 0 0 ,First,#,C:\AA-IL\blks10Selected.shp,TRACTCE10,-1,-1;BLOCKCE10 BLOCKCE10 true false false 4 Text 0 0 ,First,#,C:\AA-IL\blks10Selected.shp,BLOCKCE10,-1,-1;GEOID10 GEOID10 true false false 15 Text 0 0 ,First,#,C:\AA-IL\blks10Selected.shp,GEOID10,-1,-1;NAME10 NAME10 true false false 10 Text 0 0 ,First,#,C:\AA-IL\blks10Selected.shp,NAME10,-1,-1;Shape_Area Shape_Area true false false 19 Double 0 0 ,First,#,C:\AA-IL\blks10Selected.shp,Shape_Area,-1,-1;BlockArea BlockArea true false false 19 Double 0 0 ,First,#,C:\AA-IL\blks10Selected.shp,BlockArea,-1,-1;COUSUBFP10 COUSUBFP10 true false false 5 Text 0 0 ,First,#,C:\AA-IL\MCD0_Dissolve.shp,COUSUBFP10,-1,-1" IS_WITHIN "0 DecimalDegrees"</Process><Process Name="SpatialJoin_6" ToolSource="C:\Program Files\ArcGIS\ArcToolbox\Toolboxes\Analysis Tools.tbx\SpatialJoin" Date="20110805" Time="160127">SpatialJoin Blks10_In_Chi Wards0 C:\AA-IL\Blks10_In_Chi_Wards.shp JOIN_ONE_TO_ONE KEEP_ALL "Join_Count Join_Count true false false 9 Long 0 9 ,First,#,C:\AA-IL\Blks10_In_Chi.shp,Join_Count,-1,-1;OBJECTID OBJECTID true false false 9 Long 0 9 ,First,#,C:\AA-IL\Blks10_In_Chi.shp,OBJECTID,-1,-1;STATEFP10 STATEFP10 true false false 2 Text 0 0 ,First,#,C:\AA-IL\Blks10_In_Chi.shp,STATEFP10,-1,-1;COUNTYFP10 COUNTYFP10 true false false 3 Text 0 0 ,First,#,C:\AA-IL\Blks10_In_Chi.shp,COUNTYFP10,-1,-1;TRACTCE10 TRACTCE10 true false false 6 Text 0 0 ,First,#,C:\AA-IL\Blks10_In_Chi.shp,TRACTCE10,-1,-1;BLOCKCE10 BLOCKCE10 true false false 4 Text 0 0 ,First,#,C:\AA-IL\Blks10_In_Chi.shp,BLOCKCE10,-1,-1;GEOID10 GEOID10 true false false 15 Text 0 0 ,First,#,C:\AA-IL\Blks10_In_Chi.shp,GEOID10,-1,-1;NAME10 NAME10 true false false 10 Text 0 0 ,First,#,C:\AA-IL\Blks10_In_Chi.shp,NAME10,-1,-1;Shape_Area Shape_Area true false false 19 Double 0 0 ,First,#,C:\AA-IL\Blks10_In_Chi.shp,Shape_Area,-1,-1;BlockArea BlockArea true false false 19 Double 0 0 ,First,#,C:\AA-IL\Blks10_In_Chi.shp,BlockArea,-1,-1;COUSUBFP10 COUSUBFP10 true false false 5 Text 0 0 ,First,#,C:\AA-IL\Blks10_In_Chi.shp,COUSUBFP10,-1,-1;Ward Ward true false false 5 Text 0 0 ,First,#,C:\AA-IL\Wards0.shp,Ward,-1,-1;Ward_No Ward_No true false false 2 Text 0 0 ,First,#,C:\AA-IL\Wards0.shp,Ward_No,-1,-1" IS_WITHIN "0 DecimalDegrees"</Process><Process ToolSource="C:\Program Files\ArcGIS\Desktop10.0\ArcToolbox\Toolboxes\Analysis Tools.tbx\SpatialJoin" Date="20110808" Time="155450">SpatialJoin Blks10_Wards VTDS1_Merge_Dissolve1 C:\AA-Chicago\Blks10_Wards_SpatialJoin3.shp JOIN_ONE_TO_ONE KEEP_ALL "Join_Count "Join_Count" true true false 4 Long 0 0 ,First,#,C:\AA-Chicago\ChicagoWards.mdb\Blks10_Wards,Join_Count,-1,-1;Join_Cou_1 "Join_Cou_1" true true false 4 Long 0 0 ,First,#,C:\AA-Chicago\ChicagoWards.mdb\Blks10_Wards,Join_Cou_1,-1,-1;OBJECTID "OBJECTID" true true false 4 Long 0 0 ,First,#,C:\AA-Chicago\ChicagoWards.mdb\Blks10_Wards,OBJECTID,-1,-1;STATEFP10 "STATEFP10" true true false 2 Text 0 0 ,First,#,C:\AA-Chicago\ChicagoWards.mdb\Blks10_Wards,STATEFP10,-1,-1;COUNTYFP10 "COUNTYFP10" true true false 3 Text 0 0 ,First,#,C:\AA-Chicago\ChicagoWards.mdb\Blks10_Wards,COUNTYFP10,-1,-1;TRACTCE10 "TRACTCE10" true true false 6 Text 0 0 ,First,#,C:\AA-Chicago\ChicagoWards.mdb\Blks10_Wards,TRACTCE10,-1,-1;BLOCKCE10 "BLOCKCE10" true true false 4 Text 0 0 ,First,#,C:\AA-Chicago\ChicagoWards.mdb\Blks10_Wards,BLOCKCE10,-1,-1;GEOID10 "GEOID10" true true false 15 Text 0 0 ,First,#,C:\AA-Chicago\ChicagoWards.mdb\Blks10_Wards,GEOID10,-1,-1;NAME10 "NAME10" true true false 10 Text 0 0 ,First,#,C:\AA-Chicago\ChicagoWards.mdb\Blks10_Wards,NAME10,-1,-1;BlockArea "BlockArea" true true false 8 Double 0 0 ,First,#,C:\AA-Chicago\ChicagoWards.mdb\Blks10_Wards,BlockArea,-1,-1;COUSUBFP10 "COUSUBFP10" true true false 5 Text 0 0 ,First,#,C:\AA-Chicago\ChicagoWards.mdb\Blks10_Wards,COUSUBFP10,-1,-1;Ward "Ward" true true false 5 Text 0 0 ,First,#,C:\AA-Chicago\ChicagoWards.mdb\Blks10_Wards,Ward,-1,-1;Ward_No "Ward_No" true true false 2 Text 0 0 ,First,#,C:\AA-Chicago\ChicagoWards.mdb\Blks10_Wards,Ward_No,-1,-1;Shape_Length "Shape_Length" false true true 8 Double 0 0 ,First,#,C:\AA-Chicago\ChicagoWards.mdb\Blks10_Wards,Shape_Length,-1,-1;Shape_Area "Shape_Area" false true true 8 Double 0 0 ,First,#,C:\AA-Chicago\ChicagoWards.mdb\Blks10_Wards,Shape_Area,-1,-1;RegVoters "RegVoters" true true false 2 Short 0 0 ,First,#,C:\AA-Chicago\ChicagoWards.mdb\Blks10_Wards,RegVoters,-1,-1;STATEFP10_1 "STATEFP10_1" true true false 2 Text 0 0 ,First,#,C:\AA-IL\VTDS1_Merge_Dissolve1.shp,STATEFP10,-1,-1;COUNTYFP10_1 "COUNTYFP10_1" true true false 3 Text 0 0 ,First,#,C:\AA-IL\VTDS1_Merge_Dissolve1.shp,COUNTYFP10,-1,-1;VTDST10 "VTDST10" true true false 6 Text 0 0 ,First,#,C:\AA-IL\VTDS1_Merge_Dissolve1.shp,VTDST10,-1,-1;GEOID10_1 "GEOID10_1" true true false 11 Text 0 0 ,First,#,C:\AA-IL\VTDS1_Merge_Dissolve1.shp,GEOID10,-1,-1;VTDI10 "VTDI10" true true false 1 Text 0 0 ,First,#,C:\AA-IL\VTDS1_Merge_Dissolve1.shp,VTDI10,-1,-1;NAME10_1 "NAME10_1" true true false 100 Text 0 0 ,First,#,C:\AA-IL\VTDS1_Merge_Dissolve1.shp,NAME10,-1,-1;NAMELSAD10 "NAMELSAD10" true true false 100 Text 0 0 ,First,#,C:\AA-IL\VTDS1_Merge_Dissolve1.shp,NAMELSAD10,-1,-1;Ward_1 "Ward_1" true true false 5 Text 0 0 ,First,#,C:\AA-IL\VTDS1_Merge_Dissolve1.shp,Ward,-1,-1" WITHIN # #</Process><Process ToolSource="C:\Program Files\ArcGIS\Desktop10.0\ArcToolbox\Toolboxes\Data Management Tools.tbx\CalculateField" Date="20110821" Time="140008">CalculateField Blks10_Wards_Precincts RegVoters 0 VB #</Process><Process ToolSource="C:\Program Files\ArcGIS\Desktop10.0\ArcToolbox\Toolboxes\Data Management Tools.tbx\CalculateField" Date="20110821" Time="143952">CalculateField Blks10_Wards_Precincts RegVoters 0 VB #</Process><Process ToolSource="C:\Program Files\ArcGIS\Desktop10.0\ArcToolbox\Toolboxes\Data Management Tools.tbx\CalculateField" Date="20110821" Time="144146">CalculateField Blks10_Wards_Precincts RegVoters 0 VB #</Process><Process ToolSource="C:\Program Files\ArcGIS\Desktop10.0\ArcToolbox\Toolboxes\Data Management Tools.tbx\CalculateField" Date="20110824" Time="230109">CalculateField Blks10_Wards_Precincts RegVoters 0 VB #</Process><Process ToolSource="C:\Program Files\ArcGIS\Desktop10.0\ArcToolbox\Toolboxes\Data Management Tools.tbx\Merge" Date="20110824" Time="232536">Merge Blks10_Wards_Precincts;Export_Output C:\AA-Chicago\ChicagoWards.mdb\Blks10_Wards_Precincts_Merge "STATEFP10 "STATEFP10" true true false 2 Text 0 0 ,First,#,Blks10_Wards_Precincts,STATEFP10,-1,-1,Export_Output,STATEFP10,-1,-1;COUNTYFP10 "COUNTYFP10" true true false 3 Text 0 0 ,First,#,Blks10_Wards_Precincts,COUNTYFP10,-1,-1,Export_Output,COUNTYFP10,-1,-1;TRACTCE10 "TRACTCE10" true true false 6 Text 0 0 ,First,#,Blks10_Wards_Precincts,TRACTCE10,-1,-1,Export_Output,TRACTCE10,-1,-1;BLOCKCE10 "BLOCKCE10" true true false 4 Text 0 0 ,First,#,Blks10_Wards_Precincts,BLOCKCE10,-1,-1,Export_Output,BLOCKCE10,-1,-1;GEOID10 "GEOID10" true true false 15 Text 0 0 ,First,#,Blks10_Wards_Precincts,GEOID10,-1,-1,Export_Output,GEOID10,-1,-1;NAME10 "NAME10" true true false 10 Text 0 0 ,First,#,Blks10_Wards_Precincts,NAME10,-1,-1,Export_Output,NAME10,-1,-1;COUSUBFP10 "COUSUBFP10" true true false 5 Text 0 0 ,First,#,Blks10_Wards_Precincts,COUSUBFP10,-1,-1,Export_Output,COUSUBFP10,-1,-1;Ward "Ward" true true false 5 Text 0 0 ,First,#,Blks10_Wards_Precincts,Ward,-1,-1,Export_Output,WARD,-1,-1;Ward_No "Ward_No" true true false 2 Text 0 0 ,First,#,Blks10_Wards_Precincts,Ward_No,-1,-1,Export_Output,WARD_NO,-1,-1;RegVoters "RegVoters" true true false 2 Short 0 0 ,First,#,Blks10_Wards_Precincts,RegVoters,-1,-1,Export_Output,REGVOTERS,-1,-1;VTDST10 "VTDST10" true true false 6 Text 0 0 ,First,#,Blks10_Wards_Precincts,VTDST10,-1,-1,Export_Output,VTDST10,-1,-1;GEOID10_1 "GEOID10_1" true true false 11 Text 0 0 ,First,#,Blks10_Wards_Precincts,GEOID10_1,-1,-1,Export_Output,GEOID10_1,-1,-1;NAME10_1 "NAME10_1" true true false 100 Text 0 0 ,First,#,Blks10_Wards_Precincts,NAME10_1,-1,-1,Export_Output,NAME10_1,-1,-1;Shape_Length "Shape_Length" false true true 8 Double 0 0 ,First,#,Blks10_Wards_Precincts,Shape_Length,-1,-1;Shape_Area "Shape_Area" false true true 8 Double 0 0 ,First,#,Blks10_Wards_Precincts,Shape_Area,-1,-1,Export_Output,SHAPE_AREA,-1,-1;SHAPE_LENG "SHAPE_LENG" true true false 19 Double 0 0 ,First,#,Export_Output,SHAPE_LENG,-1,-1"</Process><Process ToolSource="C:\Program Files\ArcGIS\Desktop10.0\ArcToolbox\Toolboxes\Data Management Tools.tbx\Dissolve" Date="20110825" Time="000622">Dissolve Blks10_Wards_Precincts C:\AA-Chicago\ChicagoWards.mdb\Precincts_chi STATEFP10;COUNTYFP10;COUSUBFP10;Ward;Ward_No;RegVoters;VTDST10;GEOID10_1;NAME10_1 # MULTI_PART DISSOLVE_LINES</Process><Process ToolSource="C:\Program Files\ArcGIS\Desktop10.0\ArcToolbox\Toolboxes\Data Management Tools.tbx\CalculateField" Date="20110826" Time="190310">CalculateField Precincts_chi transp 65 VB #</Process><Process ToolSource="C:\Program Files\ArcGIS\Desktop10.0\ArcToolbox\Toolboxes\Conversion Tools.tbx\FeatureClassToFeatureClass" Date="20110913" Time="185715">FeatureClassToFeatureClass C:\AA-Chicago\ChicagoWards.mdb\Precincts_chi C:\AA-Chicago precinct_chi.shp # "STATEFP10 "STATEFP10" true true false 2 Text 0 0 ,First,#,C:\AA-Chicago\ChicagoWards.mdb\Precincts_chi,STATEFP10,-1,-1;COUNTYFP10 "COUNTYFP10" true true false 3 Text 0 0 ,First,#,C:\AA-Chicago\ChicagoWards.mdb\Precincts_chi,COUNTYFP10,-1,-1;COUSUBFP10 "COUSUBFP10" true true false 5 Text 0 0 ,First,#,C:\AA-Chicago\ChicagoWards.mdb\Precincts_chi,COUSUBFP10,-1,-1;Ward "Ward" true true false 5 Text 0 0 ,First,#,C:\AA-Chicago\ChicagoWards.mdb\Precincts_chi,Ward,-1,-1;Ward_No "Ward_No" true true false 2 Text 0 0 ,First,#,C:\AA-Chicago\ChicagoWards.mdb\Precincts_chi,Ward_No,-1,-1;RegVoters "RegVoters" true true false 2 Short 0 0 ,First,#,C:\AA-Chicago\ChicagoWards.mdb\Precincts_chi,RegVoters,-1,-1;VTDST10 "VTDST10" true true false 6 Text 0 0 ,First,#,C:\AA-Chicago\ChicagoWards.mdb\Precincts_chi,VTDST10,-1,-1;GEOID10_1 "GEOID10_1" true true false 11 Text 0 0 ,First,#,C:\AA-Chicago\ChicagoWards.mdb\Precincts_chi,GEOID10_1,-1,-1;NAME10_1 "NAME10_1" true true false 100 Text 0 0 ,First,#,C:\AA-Chicago\ChicagoWards.mdb\Precincts_chi,NAME10_1,-1,-1;Shape_Leng "Shape_Length" false true true 8 Double 0 0 ,First,#,C:\AA-Chicago\ChicagoWards.mdb\Precincts_chi,Shape_Length,-1,-1;Shape_Area "Shape_Area" false true true 8 Double 0 0 ,First,#,C:\AA-Chicago\ChicagoWards.mdb\Precincts_chi,Shape_Area,-1,-1;SplitsHse "SplitsHse" true true false 2 Short 0 0 ,First,#,C:\AA-Chicago\ChicagoWards.mdb\Precincts_chi,SplitsHse,-1,-1;SplitsCD "SplitsCD" true true false 2 Short 0 0 ,First,#,C:\AA-Chicago\ChicagoWards.mdb\Precincts_chi,SplitsCD,-1,-1;SplitsBOR "SplitsBOR" true true false 2 Short 0 0 ,First,#,C:\AA-Chicago\ChicagoWards.mdb\Precincts_chi,SplitsBOR,-1,-1;transp "transp" true true false 2 Short 0 0 ,First,#,C:\AA-Chicago\ChicagoWards.mdb\Precincts_chi,transp,-1,-1" #</Process><Process ToolSource="C:\Program Files\ArcGIS\Desktop10.0\ArcToolbox\Toolboxes\Data Management Tools.tbx\CalculateField" Date="20111202" Time="014915">CalculateField "2011 Precinct Boundary Chi City" Ward_No ""0" &amp; trim( [Ward_No] )" VB #</Process><Process ToolSource="C:\Program Files\ArcGIS\Desktop10.0\ArcToolbox\Toolboxes\Data Management Tools.tbx\CalculateField" Date="20111215" Time="115939">CalculateField "2011 Precinct Boundary Chi City2" PctOnly right( [VTDST10],3 ) VB #</Process><Process ToolSource="C:\Program Files (x86)\ArcGIS\Desktop10.0\ArcToolbox\Toolboxes\Data Management Tools.tbx\CalculateField" Date="20120215" Time="121420">CalculateField P_Ward_01_Precincts STATE "locked" VB #</Process><Process ToolSource="C:\Program Files (x86)\ArcGIS\Desktop10.0\ArcToolbox\Toolboxes\Data Management Tools.tbx\CalculateField" Date="20120215" Time="121457">CalculateField P_Ward_01_Precincts ID [VTDST10] VB #</Process><Process ToolSource="C:\Program Files (x86)\ArcGIS\Desktop10.0\ArcToolbox\Toolboxes\Data Management Tools.tbx\CalculateField" Date="20120215" Time="121529">CalculateField P_Ward_01_Precincts NAME [NAME10_1] VB #</Process><Process ToolSource="C:\Program Files (x86)\ArcGIS\Desktop10.0\ArcToolbox\Toolboxes\Data Management Tools.tbx\JoinField" Date="20120215" Time="122533">JoinField P_Ward_01_Precincts ID C:\PRECIS\PRECIS.gdb\dissolve_result_temp ID SUM_REGVOTERS</Process><Process ToolSource="C:\Program Files (x86)\ArcGIS\Desktop10.0\ArcToolbox\Toolboxes\Data Management Tools.tbx\JoinField" Date="20120215" Time="123904">JoinField P_Ward_01_Precincts ID C:\PRECIS\PRECIS.gdb\dissolve_result_temp ID SUM_REGVOTERS</Process><Process ToolSource="C:\Program Files (x86)\ArcGIS\Desktop10.0\ArcToolbox\Toolboxes\Data Management Tools.tbx\JoinField" Date="20120215" Time="124901">JoinField P_Ward_01_Precincts ID dissolve_result_temp ID SUM_REGVOTERS</Process><Process ToolSource="C:\Program Files (x86)\ArcGIS\Desktop10.0\ArcToolbox\Toolboxes\Data Management Tools.tbx\JoinField" Date="20120215" Time="131605">JoinField P_Ward_01_Precincts ID dissolve_result_temp ID SUM_REGVOTERS</Process><Process ToolSource="C:\Program Files (x86)\ArcGIS\Desktop10.0\ArcToolbox\Toolboxes\Data Management Tools.tbx\JoinField" Date="20120215" Time="132103">JoinField P_Ward_01_Precincts ID dissolve_result_temp ID SUM_REGVOTERS</Process><Process ToolSource="C:\Program Files (x86)\ArcGIS\Desktop10.0\ArcToolbox\Toolboxes\Data Management Tools.tbx\JoinField" Date="20120215" Time="133301">JoinField P_Ward_01_Precincts ID dissolve_result_temp ID SUM_REGVOTERS</Process><Process ToolSource="C:\Program Files (x86)\ArcGIS\Desktop10.0\ArcToolbox\Toolboxes\Data Management Tools.tbx\JoinField" Date="20120215" Time="134000">JoinField P_Ward_01_Precincts ID dissolve_result_temp ID SUM_REGVOTERS</Process><Process ToolSource="C:\Program Files (x86)\ArcGIS\Desktop10.0\ArcToolbox\Toolboxes\Data Management Tools.tbx\CalculateField" Date="20120215" Time="134001">CalculateField P_Ward_01_Precincts MAP !SUM_REGVOT! PYTHON #</Process><Process ToolSource="C:\Program Files (x86)\ArcGIS\Desktop10.0\ArcToolbox\Toolboxes\Data Management Tools.tbx\CalculateField" Date="20120215" Time="134003">CalculateField P_Ward_01_Precincts TOTAL "!VR! + !MAP!" PYTHON #</Process><Process ToolSource="C:\Program Files (x86)\ArcGIS\Desktop10.0\ArcToolbox\Toolboxes\Data Management Tools.tbx\JoinField" Date="20120215" Time="140437">JoinField P_Ward_01_Precincts ID dissolve_result_temp ID SUM_REGVOTERS</Process><Process ToolSource="C:\Program Files (x86)\ArcGIS\Desktop10.0\ArcToolbox\Toolboxes\Data Management Tools.tbx\CalculateField" Date="20120215" Time="140439">CalculateField P_Ward_01_Precincts MAP !SUM_REGVOT! PYTHON #</Process><Process ToolSource="C:\Program Files (x86)\ArcGIS\Desktop10.0\ArcToolbox\Toolboxes\Data Management Tools.tbx\CalculateField" Date="20120215" Time="140440">CalculateField P_Ward_01_Precincts TOTAL "!VR! + !MAP!" PYTHON #</Process><Process ToolSource="C:\Program Files (x86)\ArcGIS\Desktop10.0\ArcToolbox\Toolboxes\Data Management Tools.tbx\JoinField" Date="20120215" Time="141754">JoinField P_Ward_01_Precincts ID dissolve_result_temp ID SUM_REGVOTERS</Process><Process ToolSource="C:\Program Files (x86)\ArcGIS\Desktop10.0\ArcToolbox\Toolboxes\Data Management Tools.tbx\CalculateField" Date="20120215" Time="141756">CalculateField P_Ward_01_Precincts MAP !SUM_REGVOT! PYTHON #</Process><Process ToolSource="C:\Program Files (x86)\ArcGIS\Desktop10.0\ArcToolbox\Toolboxes\Data Management Tools.tbx\DeleteField" Date="20120215" Time="141756">DeleteField P_Ward_01_Precincts SUM_REGVOT</Process><Process ToolSource="C:\Program Files (x86)\ArcGIS\Desktop10.0\ArcToolbox\Toolboxes\Data Management Tools.tbx\CalculateField" Date="20120215" Time="141757">CalculateField P_Ward_01_Precincts TOTAL "!VR! + !MAP!" PYTHON #</Process><Process ToolSource="C:\Program Files (x86)\ArcGIS\Desktop10.0\ArcToolbox\Toolboxes\Data Management Tools.tbx\JoinField" Date="20120215" Time="145340">JoinField P_Ward_01_Precincts ID dissolve_result_temp ID SUM_REGVOTERS</Process><Process ToolSource="C:\Program Files (x86)\ArcGIS\Desktop10.0\ArcToolbox\Toolboxes\Data Management Tools.tbx\CalculateField" Date="20120215" Time="145341">CalculateField P_Ward_01_Precincts MAP !SUM_REGVOT! PYTHON #</Process><Process ToolSource="C:\Program Files (x86)\ArcGIS\Desktop10.0\ArcToolbox\Toolboxes\Data Management Tools.tbx\DeleteField" Date="20120215" Time="145342">DeleteField P_Ward_01_Precincts SUM_REGVOT</Process><Process ToolSource="C:\Program Files (x86)\ArcGIS\Desktop10.0\ArcToolbox\Toolboxes\Data Management Tools.tbx\CalculateField" Date="20120215" Time="145343">CalculateField P_Ward_01_Precincts TOTAL "!VR! + !MAP!" PYTHON #</Process><Process ToolSource="C:\Program Files (x86)\ArcGIS\Desktop10.0\ArcToolbox\Toolboxes\Data Management Tools.tbx\RemoveJoin" Date="20120215" Time="151042">RemoveJoin P_Ward_01_Precincts dissolve_result_temp</Process><Process ToolSource="C:\Program Files (x86)\ArcGIS\Desktop10.0\ArcToolbox\Toolboxes\Data Management Tools.tbx\CalculateField" Date="20120215" Time="151042">CalculateField P_Ward_01_Precincts TOTAL "!VR! + !MAP!" PYTHON #</Process><Process ToolSource="C:\Program Files (x86)\ArcGIS\Desktop10.0\ArcToolbox\Toolboxes\Data Management Tools.tbx\RemoveJoin" Date="20120215" Time="165631">RemoveJoin P_Ward_01_Precincts dissolve_result_temp</Process><Process ToolSource="C:\Program Files (x86)\ArcGIS\Desktop10.0\ArcToolbox\Toolboxes\Data Management Tools.tbx\CalculateField" Date="20120215" Time="165631">CalculateField P_Ward_01_Precincts TOTAL "!VR! + !MAP!" PYTHON #</Process><Process ToolSource="C:\Program Files (x86)\ArcGIS\Desktop10.0\ArcToolbox\Toolboxes\Data Management Tools.tbx\RemoveJoin" Date="20120215" Time="171843">RemoveJoin P_Ward_01_Precincts dissolve_result_temp</Process><Process ToolSource="C:\Program Files (x86)\ArcGIS\Desktop10.0\ArcToolbox\Toolboxes\Data Management Tools.tbx\CalculateField" Date="20120215" Time="171844">CalculateField P_Ward_01_Precincts TOTAL "!VR! + !MAP!" PYTHON #</Process><Process ToolSource="C:\Program Files (x86)\ArcGIS\Desktop10.0\ArcToolbox\Toolboxes\Data Management Tools.tbx\RemoveJoin" Date="20120215" Time="172923">RemoveJoin P_Ward_01_Precincts dissolve_result_temp</Process><Process ToolSource="C:\Program Files (x86)\ArcGIS\Desktop10.0\ArcToolbox\Toolboxes\Data Management Tools.tbx\CalculateField" Date="20120215" Time="172923">CalculateField P_Ward_01_Precincts TOTAL "!VR! + !MAP!" PYTHON #</Process><Process ToolSource="C:\Program Files (x86)\ArcGIS\Desktop10.0\ArcToolbox\Toolboxes\Data Management Tools.tbx\RemoveJoin" Date="20120215" Time="173729">RemoveJoin P_Ward_01_Precincts dissolve_result_temp</Process><Process ToolSource="C:\Program Files (x86)\ArcGIS\Desktop10.0\ArcToolbox\Toolboxes\Data Management Tools.tbx\CalculateField" Date="20120215" Time="173730">CalculateField P_Ward_01_Precincts TOTAL "!VR! + !MAP!" PYTHON #</Process><Process ToolSource="C:\Program Files (x86)\ArcGIS\Desktop10.0\ArcToolbox\Toolboxes\Data Management Tools.tbx\RemoveJoin" Date="20120215" Time="181040">RemoveJoin P_Ward_01_Precincts dissolve_result_temp</Process><Process ToolSource="C:\Program Files (x86)\ArcGIS\Desktop10.0\ArcToolbox\Toolboxes\Data Management Tools.tbx\CalculateField" Date="20120215" Time="181041">CalculateField P_Ward_01_Precincts TOTAL "!VR! + !MAP!" PYTHON #</Process><Process ToolSource="C:\Program Files (x86)\ArcGIS\Desktop10.0\ArcToolbox\Toolboxes\Data Management Tools.tbx\RemoveJoin" Date="20120215" Time="181556">RemoveJoin P_Ward_01_Precincts dissolve_result_temp</Process><Process ToolSource="C:\Program Files (x86)\ArcGIS\Desktop10.0\ArcToolbox\Toolboxes\Data Management Tools.tbx\CalculateField" Date="20120215" Time="181557">CalculateField P_Ward_01_Precincts TOTAL "!VR! + !MAP!" PYTHON #</Process><Process ToolSource="C:\Program Files (x86)\ArcGIS\Desktop10.0\ArcToolbox\Toolboxes\Data Management Tools.tbx\RemoveJoin" Date="20120215" Time="182046">RemoveJoin P_Ward_01_Precincts dissolve_result_temp</Process><Process ToolSource="C:\Program Files (x86)\ArcGIS\Desktop10.0\ArcToolbox\Toolboxes\Data Management Tools.tbx\CalculateField" Date="20120215" Time="182046">CalculateField P_Ward_01_Precincts TOTAL "!VR! + !MAP!" PYTHON #</Process><Process ToolSource="C:\Program Files (x86)\ArcGIS\Desktop10.0\ArcToolbox\Toolboxes\Data Management Tools.tbx\RemoveJoin" Date="20120215" Time="182928">RemoveJoin P_Ward_01_Precincts dissolve_result_temp</Process><Process ToolSource="C:\Program Files (x86)\ArcGIS\Desktop10.0\ArcToolbox\Toolboxes\Data Management Tools.tbx\CalculateField" Date="20120215" Time="182928">CalculateField P_Ward_01_Precincts TOTAL "!VR! + !MAP!" PYTHON #</Process><Process ToolSource="C:\Program Files (x86)\ArcGIS\Desktop10.0\ArcToolbox\Toolboxes\Data Management Tools.tbx\RemoveJoin" Date="20120215" Time="183308">RemoveJoin P_Ward_01_Precincts dissolve_result_temp</Process><Process ToolSource="C:\Program Files (x86)\ArcGIS\Desktop10.0\ArcToolbox\Toolboxes\Data Management Tools.tbx\CalculateField" Date="20120215" Time="183308">CalculateField P_Ward_01_Precincts TOTAL "!VR! + !MAP!" PYTHON #</Process><Process ToolSource="C:\Program Files (x86)\ArcGIS\Desktop10.0\ArcToolbox\Toolboxes\Data Management Tools.tbx\RemoveJoin" Date="20120215" Time="184438">RemoveJoin P_Ward_01_Precincts dissolve_result_temp</Process><Process ToolSource="C:\Program Files (x86)\ArcGIS\Desktop10.0\ArcToolbox\Toolboxes\Data Management Tools.tbx\CalculateField" Date="20120215" Time="184438">CalculateField P_Ward_01_Precincts TOTAL "!VR! + !MAP!" PYTHON #</Process><Process ToolSource="C:\Program Files (x86)\ArcGIS\Desktop10.0\ArcToolbox\Toolboxes\Data Management Tools.tbx\RemoveJoin" Date="20120215" Time="184753">RemoveJoin P_Ward_01_Precincts dissolve_result_temp</Process><Process ToolSource="C:\Program Files (x86)\ArcGIS\Desktop10.0\ArcToolbox\Toolboxes\Data Management Tools.tbx\CalculateField" Date="20120215" Time="184753">CalculateField P_Ward_01_Precincts TOTAL "!VR! + !MAP!" PYTHON #</Process><Process ToolSource="C:\Program Files (x86)\ArcGIS\Desktop10.0\ArcToolbox\Toolboxes\Data Management Tools.tbx\RemoveJoin" Date="20120215" Time="185142">RemoveJoin P_Ward_01_Precincts dissolve_result_temp</Process><Process ToolSource="C:\Program Files (x86)\ArcGIS\Desktop10.0\ArcToolbox\Toolboxes\Data Management Tools.tbx\CalculateField" Date="20120215" Time="185142">CalculateField P_Ward_01_Precincts TOTAL "!VR! + !MAP!" PYTHON #</Process><Process ToolSource="C:\Program Files (x86)\ArcGIS\Desktop10.0\ArcToolbox\Toolboxes\Data Management Tools.tbx\RemoveJoin" Date="20120215" Time="185721">RemoveJoin P_Ward_01_Precincts dissolve_result_temp</Process><Process ToolSource="C:\Program Files (x86)\ArcGIS\Desktop10.0\ArcToolbox\Toolboxes\Data Management Tools.tbx\CalculateField" Date="20120215" Time="185721">CalculateField P_Ward_01_Precincts TOTAL "!VR! + !MAP!" PYTHON #</Process><Process ToolSource="C:\Program Files (x86)\ArcGIS\Desktop10.0\ArcToolbox\Toolboxes\Data Management Tools.tbx\RemoveJoin" Date="20120215" Time="201015">RemoveJoin P_Ward_01_Precincts dissolve_result_temp</Process><Process ToolSource="C:\Program Files (x86)\ArcGIS\Desktop10.0\ArcToolbox\Toolboxes\Data Management Tools.tbx\CalculateField" Date="20120215" Time="201016">CalculateField P_Ward_01_Precincts TOTAL "!VR! + !MAP!" PYTHON #</Process><Process ToolSource="C:\Program Files (x86)\ArcGIS\Desktop10.0\ArcToolbox\Toolboxes\Data Management Tools.tbx\RemoveJoin" Date="20120215" Time="201720">RemoveJoin P_Ward_01_Precincts dissolve_result_temp</Process><Process ToolSource="C:\Program Files (x86)\ArcGIS\Desktop10.0\ArcToolbox\Toolboxes\Data Management Tools.tbx\CalculateField" Date="20120215" Time="201721">CalculateField P_Ward_01_Precincts TOTAL "!VR! + !MAP!" PYTHON #</Process><Process ToolSource="C:\Program Files (x86)\ArcGIS\Desktop10.0\ArcToolbox\Toolboxes\Data Management Tools.tbx\CopyFeatures" Date="20120217" Time="145150">CopyFeatures P_Ward_01_Precincts C:\PRECIS\P_junk2.shp # 0 0 0</Process><Process ToolSource="C:\Program Files (x86)\ArcGIS\Desktop10.0\ArcToolbox\Toolboxes\Data Management Tools.tbx\CalculateField" Date="20120217" Time="152052">CalculateField P_junk2 VTDST10 "New" VB #</Process><Process ToolSource="C:\Program Files (x86)\ArcGIS\Desktop10.0\ArcToolbox\Toolboxes\Data Management Tools.tbx\CalculateField" Date="20120217" Time="152110">CalculateField P_junk2 ID "New" VB #</Process><Process ToolSource="C:\Program Files (x86)\ArcGIS\Desktop10.0\ArcToolbox\Toolboxes\Data Management Tools.tbx\CalculateField" Date="20120217" Time="152132">CalculateField P_junk2 NAME "New Name" VB #</Process><Process ToolSource="c:\program files (x86)\arcgis\desktop10.1\ArcToolbox\Toolboxes\Data Management Tools.tbx\Project" Date="20130330" Time="162946">Project C:\PRECIS\PRECISDATA\save\P_SEED.shp C:\PRECIS\PRECISDATA\P_SEED.shp PROJCS['GRS_1980_Lambert_Conformal_Conic',GEOGCS['GCS_GRS_1980',DATUM['D_GRS_1980',SPHEROID['GRS_1980',6378137.0,298.257222101]],PRIMEM['Greenwich',0.0],UNIT['Degree',0.0174532925199433]],PROJECTION['Lambert_Conformal_Conic'],PARAMETER['False_Easting',1968500.0],PARAMETER['False_Northing',0.0],PARAMETER['Central_Meridian',-82.5],PARAMETER['Standard_Parallel_1',40.43333333333333],PARAMETER['Standard_Parallel_2',41.7],PARAMETER['Latitude_Of_Origin',39.66666666666666],UNIT['Foot_US',0.3048006096012192]] test GEOGCS['GCS_North_American_1983',DATUM['D_North_American_1983',SPHEROID['GRS_1980',6378137.0,298.257222101]],PRIMEM['Greenwich',0.0],UNIT['Degree',0.0174532925199433],METADATA['North America - NAD83',167.65,14.93,-47.74,86.45,0.0,0.0174532925199433,0.0,1350]]</Process><Process ToolSource="c:\program files\arcgis\desktop10.1\ArcToolbox\Toolboxes\Data Management Tools.tbx\CopyFeatures" Date="20130712" Time="120349">CopyFeatures C:\PRECIS\PRECISDATA\P_SEED.shp Z:\P_Prec2012.shp # 0 0 0</Process><Process ToolSource="c:\program files\arcgis\desktop10.1\ArcToolbox\Toolboxes\Data Management Tools.tbx\CalculateField" Date="20130712" Time="144421">CalculateField P_Prec2012 MAP 0 PYTHON #</Process><Process ToolSource="c:\program files\arcgis\desktop10.1\ArcToolbox\Toolboxes\Data Management Tools.tbx\CalculateField" Date="20130712" Time="144425">CalculateField P_Prec2012 TOTAL "!VR! + !MAP!" PYTHON #</Process><Process ToolSource="c:\program files (x86)\arcgis\desktop10.1\ArcToolbox\Toolboxes\Data Management Tools.tbx\CopyFeatures" Date="20130731" Time="085718">CopyFeatures P_Prec2012 Z:\P_Prec2012old.shp # 0 0 0</Process><Process ToolSource="c:\program files (x86)\arcgis\desktop10.3\ArcToolbox\Toolboxes\Data Management Tools.tbx\CalculateField" Date="20160829" Time="144458">CalculateField sde.DBO.PRECINCT_POLYGON_2015 F2016OthReg 0 VB #</Process><Process ToolSource="c:\program files (x86)\arcgis\desktop10.3\ArcToolbox\Toolboxes\Data Management Tools.tbx\CalculateField" Date="20160829" Time="160354">CalculateField sde.DBO.PRECINCT_POLYGON_2015 RegDem_Rep "[F2016PDEMReg] /( [F2016PDEMReg] + [F2016RepReg])" VB #</Process><Process ToolSource="c:\program files (x86)\arcgis\desktop10.3\ArcToolbox\Toolboxes\Data Management Tools.tbx\CalculateField" Date="20160830" Time="091620">CalculateField sde.DBO.PRECINCT_POLYGON_2015 RegDem_Rep "[F2016PDEMReg] /( [F2016PDEMReg] + [F2016RepReg])" VB #</Process><Process ToolSource="c:\program files (x86)\arcgis\desktop10.3\ArcToolbox\Toolboxes\Data Management Tools.tbx\CalculateField" Date="20160830" Time="100111">CalculateField sde.DBO.PRECINCT_POLYGON_2015 RegDem_Rep "[F2016PDEMReg] /( [F2016PDEMReg] + [F2016RepReg])" VB #</Process><Process ToolSource="c:\program files (x86)\arcgis\desktop10.3\ArcToolbox\Toolboxes\Conversion Tools.tbx\FeatureClassToFeatureClass" Date="20161213" Time="105924">FeatureClassToFeatureClass "Database Connections\SDPRGISDB.sde\sde.DBO.PRECINCTS\sde.DBO.PRECINCT_POLYGON_2015" C:\Users\jmurphy\Desktop Precincts_2015.shp # "ID "ID" true true false 16 Text 0 0 ,First,#,Database Connections\SDPRGISDB.sde\sde.DBO.PRECINCTS\sde.DBO.PRECINCT_POLYGON_2015,ID,-1,-1;NAME "NAME" true true false 60 Text 0 0 ,First,#,Database Connections\SDPRGISDB.sde\sde.DBO.PRECINCTS\sde.DBO.PRECINCT_POLYGON_2015,NAME,-1,-1;VR "VR" true true false 2 Short 0 5 ,First,#,Database Connections\SDPRGISDB.sde\sde.DBO.PRECINCTS\sde.DBO.PRECINCT_POLYGON_2015,VR,-1,-1;MAP "MAP" true true false 4 Long 0 10 ,First,#,Database Connections\SDPRGISDB.sde\sde.DBO.PRECINCTS\sde.DBO.PRECINCT_POLYGON_2015,MAP,-1,-1;TOTAL "TOTAL" true true false 4 Long 0 10 ,First,#,Database Connections\SDPRGISDB.sde\sde.DBO.PRECINCTS\sde.DBO.PRECINCT_POLYGON_2015,TOTAL,-1,-1;STATE "STATE" true true false 8 Text 0 0 ,First,#,Database Connections\SDPRGISDB.sde\sde.DBO.PRECINCTS\sde.DBO.PRECINCT_POLYGON_2015,STATE,-1,-1;F2016PDEMR "F2016PDEMR" true true false 2 Short 0 5 ,First,#,Database Connections\SDPRGISDB.sde\sde.DBO.PRECINCTS\sde.DBO.PRECINCT_POLYGON_2015,F2016PDEMReg,-1,-1;F2016RepRe "F2016RepRe" true true false 2 Short 0 5 ,First,#,Database Connections\SDPRGISDB.sde\sde.DBO.PRECINCTS\sde.DBO.PRECINCT_POLYGON_2015,F2016RepReg,-1,-1;F2016OthRe "F2016OthRe" true true false 2 Short 0 5 ,First,#,Database Connections\SDPRGISDB.sde\sde.DBO.PRECINCTS\sde.DBO.PRECINCT_POLYGON_2015,F2016OthReg,-1,-1;F2016Unaff "F2016Unaff" true true false 2 Short 0 5 ,First,#,Database Connections\SDPRGISDB.sde\sde.DBO.PRECINCTS\sde.DBO.PRECINCT_POLYGON_2015,F2016UnaffReg,-1,-1;RegDem_Rep "RegDem_Rep" true true false 4 Float 4 4 ,First,#,Database Connections\SDPRGISDB.sde\sde.DBO.PRECINCTS\sde.DBO.PRECINCT_POLYGON_2015,RegDem_Rep,-1,-1;TurnoutPr1 "TurnoutPr1" true true false 4 Float 4 4 ,First,#,Database Connections\SDPRGISDB.sde\sde.DBO.PRECINCTS\sde.DBO.PRECINCT_POLYGON_2015,TurnoutPr16,-1,-1;F2012Rep "F2012Rep" true true false 2 Short 0 5 ,First,#,Database Connections\SDPRGISDB.sde\sde.DBO.PRECINCTS\sde.DBO.PRECINCT_POLYGON_2015,F2012Rep,-1,-1;F2012Dem "F2012Dem" true true false 2 Short 0 5 ,First,#,Database Connections\SDPRGISDB.sde\sde.DBO.PRECINCTS\sde.DBO.PRECINCT_POLYGON_2015,F2012Dem,-1,-1;F2012Other "F2012Other" true true false 2 Short 0 5 ,First,#,Database Connections\SDPRGISDB.sde\sde.DBO.PRECINCTS\sde.DBO.PRECINCT_POLYGON_2015,F2012Other,-1,-1;F2012Ind "F2012Ind" true true false 2 Short 0 5 ,First,#,Database Connections\SDPRGISDB.sde\sde.DBO.PRECINCTS\sde.DBO.PRECINCT_POLYGON_2015,F2012Ind,-1,-1;F2012Turno "F2012Turno" true true false 4 Float 4 4 ,First,#,Database Connections\SDPRGISDB.sde\sde.DBO.PRECINCTS\sde.DBO.PRECINCT_POLYGON_2015,F2012Turnout,-1,-1;F2012DemPc "F2012DemPc" true true false 4 Float 4 4 ,First,#,Database Connections\SDPRGISDB.sde\sde.DBO.PRECINCTS\sde.DBO.PRECINCT_POLYGON_2015,F2012DemPct,-1,-1;Shape_area "Shape_area" false false true 0 Double 0 0 ,First,#,Database Connections\SDPRGISDB.sde\sde.DBO.PRECINCTS\sde.DBO.PRECINCT_POLYGON_2015,Shape.area,-1,-1;Shape_len "Shape_len" false false true 0 Double 0 0 ,First,#,Database Connections\SDPRGISDB.sde\sde.DBO.PRECINCTS\sde.DBO.PRECINCT_POLYGON_2015,Shape.len,-1,-1" #</Process><Process ToolSource="c:\program files (x86)\arcgis\desktop10.4\ArcToolbox\Toolboxes\Analysis Tools.tbx\Clip" Date="20170831" Time="195300">Clip Precincts_2015 yng_vacant_ind_comm_land "C:\Users\Liz Camuti\Desktop\Dew Studio Fall 2017\01_GIS\yng_vacant_ind_comm_land_clip.shp" #</Process></lineage><itemProps><itemName Sync="TRUE">yng_vacant_ind_comm_land_clip</itemName><imsContentType Sync="TRUE">002</imsContentType><itemSize Sync="TRUE">0.000</itemSize><itemLocation><linkage Sync="TRUE">file://\\DESKTOP-IKH72IL\C$\Users\Liz Camuti\Desktop\Dew Studio Fall 2017\01_GIS\yng_vacant_ind_comm_land_clip.shp</linkage><protocol Sync="TRUE">Local Area Network</protocol></itemLocation></itemProps><coordRef><type Sync="TRUE">Projected</type><geogcsn Sync="TRUE">GCS_North_American_1983</geogcsn><peXml Sync="TRUE">&lt;ProjectedCoordinateSystem xsi:type='typens:ProjectedCoordinateSystem' xmlns:xsi='http://www.w3.org/2001/XMLSchema-instance' xmlns:xs='http://www.w3.org/2001/XMLSchema' xmlns:typens='http://www.esri.com/schemas/ArcGIS/10.4'&gt;&lt;WKT&gt;PROJCS[&amp;quot;NAD_1983_StatePlane_Ohio_North_FIPS_3401_Feet&amp;quot;,GEOGCS[&amp;quot;GCS_North_American_1983&amp;quot;,DATUM[&amp;quot;D_North_American_1983&amp;quot;,SPHEROID[&amp;quot;GRS_1980&amp;quot;,6378137.0,298.257222101]],PRIMEM[&amp;quot;Greenwich&amp;quot;,0.0],UNIT[&amp;quot;Degree&amp;quot;,0.0174532925199433]],PROJECTION[&amp;quot;Lambert_Conformal_Conic&amp;quot;],PARAMETER[&amp;quot;False_Easting&amp;quot;,1968500.0],PARAMETER[&amp;quot;False_Northing&amp;quot;,0.0],PARAMETER[&amp;quot;Central_Meridian&amp;quot;,-82.5],PARAMETER[&amp;quot;Standard_Parallel_1&amp;quot;,40.43333333333333],PARAMETER[&amp;quot;Standard_Parallel_2&amp;quot;,41.7],PARAMETER[&amp;quot;Latitude_Of_Origin&amp;quot;,39.66666666666666],UNIT[&amp;quot;Foot_US&amp;quot;,0.3048006096012192],AUTHORITY[&amp;quot;EPSG&amp;quot;,3734]]&lt;/WKT&gt;&lt;XOrigin&gt;-118963900&lt;/XOrigin&gt;&lt;YOrigin&gt;-96373800&lt;/YOrigin&gt;&lt;XYScale&gt;37240637.144144125&lt;/XYScale&gt;&lt;ZOrigin&gt;-100000&lt;/ZOrigin&gt;&lt;ZScale&gt;10000&lt;/ZScale&gt;&lt;MOrigin&gt;-100000&lt;/MOrigin&gt;&lt;MScale&gt;10000&lt;/MScale&gt;&lt;XYTolerance&gt;0.0032808333333333331&lt;/XYTolerance&gt;&lt;ZTolerance&gt;0.001&lt;/ZTolerance&gt;&lt;MTolerance&gt;0.001&lt;/MTolerance&gt;&lt;HighPrecision&gt;true&lt;/HighPrecision&gt;&lt;WKID&gt;102722&lt;/WKID&gt;&lt;LatestWKID&gt;3734&lt;/LatestWKID&gt;&lt;/ProjectedCoordinateSystem&gt;</peXml><csUnits Sync="TRUE">Linear Unit: Foot_US (0.304801)</csUnits><projcsn Sync="TRUE">NAD_1983_StatePlane_Ohio_North_FIPS_3401_Feet</projcsn></coordRef></DataProperties><ArcGISFormat>1.0</ArcGISFormat></Esri><idinfo><native Sync="TRUE">Microsoft Windows XP Version 5.1 (Build 2600) Service Pack 3; ESRI ArcCatalog 9.2.0.1324</native><descript><langdata Sync="TRUE">en</langdata><abstract>REQUIRED: A brief narrative summary of the data set.</abstract><purpose>REQUIRED: A summary of the intentions with which the data set was developed.</purpose></descript><citation><citeinfo><origin>REQUIRED: The name of an organization or individual that developed the data set.</origin><pubdate>REQUIRED: The date when the data set is published or otherwise made available for release.</pubdate><title Sync="TRUE">Blks10_In_Chi_Wards</title><ftname Sync="TRUE">Blks10_In_Chi_Wards</ftname><geoform Sync="TRUE">vector digital data</geoform><onlink Sync="TRUE">\\DCLV47D1\Dclv47d1 C\AA-Chicago\ChicagoWards.mdb</onlink></citeinfo></citation><timeperd><current>REQUIRED: The basis on which the time period of content information is determined.</current><timeinfo><sngdate><caldate>REQUIRED: The year (and optionally month, or month and day) for which the data set corresponds to the ground.</caldate></sngdate></timeinfo></timeperd><status><progress>REQUIRED: The state of the data set.</progress><update>REQUIRED: The frequency with which changes and additions are made to the data set after the initial data set is completed.</update></status><spdom><bounding><westbc Sync="TRUE">REQUIRED: Western-most coordinate of the limit of coverage expressed in longitude.</westbc><eastbc Sync="TRUE">REQUIRED: Eastern-most coordinate of the limit of coverage expressed in longitude.</eastbc><northbc Sync="TRUE">REQUIRED: Northern-most coordinate of the limit of coverage expressed in latitude.</northbc><southbc Sync="TRUE">REQUIRED: Southern-most coordinate of the limit of coverage expressed in latitude.</southbc></bounding></spdom><keywords><theme><themekt>REQUIRED: Reference to a formally registered thesaurus or a similar authoritative source of theme keywords.</themekt><themekey>REQUIRED: Common-use word or phrase used to describe the subject of the data set.</themekey></theme></keywords><accconst>REQUIRED: Restrictions and legal prerequisites for accessing the data set.</accconst><useconst>REQUIRED: Restrictions and legal prerequisites for using the data set after access is granted.</useconst><natvform Sync="TRUE">Shapefile</natvform></idinfo><dataIdInfo><envirDesc Sync="TRUE"> Version 6.2 (Build 9200) ; Esri ArcGIS 10.4.0.5524</envirDesc><dataLang><languageCode Sync="TRUE" value="eng" country="US"/><countryCode value="USA" Sync="TRUE"/></dataLang><idCitation><resTitle Sync="TRUE">yng_vacant_ind_comm_land_clip</resTitle><presForm><PresFormCd Sync="TRUE" value="005"/></presForm></idCitation><spatRpType><SpatRepTypCd Sync="TRUE" value="001"/></spatRpType><descKeys><thesaName uuidref="723f6998-058e-11dc-8314-0800200c9a66"/><keyword Sync="TRUE">002</keyword></descKeys></dataIdInfo><metainfo><langmeta Sync="TRUE">en</langmeta><metstdn Sync="TRUE">FGDC Content Standards for Digital Geospatial Metadata</metstdn><metstdv Sync="TRUE">FGDC-STD-001-1998</metstdv><mettc Sync="TRUE">local time</mettc><metc><cntinfo><cntorgp><cntper>REQUIRED: The person responsible for the metadata information.</cntper><cntorg>REQUIRED: The organization responsible for the metadata information.</cntorg></cntorgp><cntaddr><addrtype>REQUIRED: The mailing and/or physical address for the organization or individual.</addrtype><city>REQUIRED: The city of the address.</city><state>REQUIRED: The state or province of the address.</state><postal>REQUIRED: The ZIP or other postal code of the address.</postal></cntaddr><cntvoice>REQUIRED: The telephone number by which individuals can speak to the organization or individual.</cntvoice></cntinfo></metc><metd Sync="TRUE">20110805</metd></metainfo><mdLang><languageCode Sync="TRUE" value="eng"/><countryCode value="USA" Sync="TRUE"/></mdLang><mdStanName Sync="TRUE">ISO 19115 Geographic Information - Metadata</mdStanName><mdStanVer Sync="TRUE">DIS_ESRI1.0</mdStanVer><mdChar><CharSetCd Sync="TRUE" value="004"/></mdChar><mdHrLv><ScopeCd Sync="TRUE" value="005"/></mdHrLv><mdHrLvName Sync="TRUE">dataset</mdHrLvName><distinfo><resdesc Sync="TRUE">Downloadable Data</resdesc><stdorder><digform><digtinfo><transize Sync="TRUE">0.000</transize><dssize Sync="TRUE">0.000</dssize></digtinfo></digform></stdorder></distinfo><distInfo><distributor><distorTran><onLineSrc><orDesc Sync="TRUE">002</orDesc><linkage Sync="TRUE">file://\\DCLV47D1\Dclv47d1 C\AA-Chicago\ChicagoWards.mdb</linkage><protocol Sync="TRUE">Local Area Network</protocol></onLineSrc><transSize Sync="TRUE">0.000</transSize></distorTran><distorFormat><formatName Sync="TRUE">Shapefile</formatName></distorFormat></distributor><distFormat><formatName Sync="TRUE">Shapefile</formatName></distFormat><distTranOps><transSize Sync="TRUE">0.000</transSize></distTranOps></distInfo><spdoinfo><direct Sync="TRUE">Vector</direct><ptvctinf><esriterm Name="yng_vacant_ind_comm_land_clip"><efeatyp Sync="TRUE">Simple</efeatyp><efeageom code="4" Sync="TRUE"></efeageom><esritopo Sync="TRUE">FALSE</esritopo><efeacnt Sync="TRUE">0</efeacnt><spindex Sync="TRUE">FALSE</spindex><linrefer Sync="TRUE">FALSE</linrefer></esriterm></ptvctinf></spdoinfo><spref><horizsys><cordsysn><geogcsn Sync="TRUE">GCS_North_American_1983</geogcsn></cordsysn><geodetic><horizdn Sync="TRUE">North American Datum of 1983</horizdn><ellips Sync="TRUE">Geodetic Reference System 80</ellips><semiaxis Sync="TRUE">6378137.000000</semiaxis><denflat Sync="TRUE">298.257222</denflat></geodetic></horizsys></spref><refSysInfo><RefSystem><refSysID><identCode Sync="TRUE" code="3734" value="4269">GCS_North_American_1983</identCode><idCodeSpace Sync="TRUE">EPSG</idCodeSpace><idVersion Sync="TRUE">6.13(9.3.0.0)</idVersion></refSysID></RefSystem></refSysInfo><spatRepInfo><VectSpatRep><geometObjs Name="yng_vacant_ind_comm_land_clip"><geoObjTyp><GeoObjTypCd value="002" Sync="TRUE"></GeoObjTypCd></geoObjTyp><geoObjCnt Sync="TRUE">0</geoObjCnt></geometObjs><topLvl><TopoLevCd value="001" Sync="TRUE"></TopoLevCd></topLvl></VectSpatRep></spatRepInfo><eainfo><detailed Name="yng_vacant_ind_comm_land_clip"><enttyp><enttypl Sync="TRUE">yng_vacant_ind_comm_land_clip</enttypl><enttypt Sync="TRUE">Feature Class</enttypt><enttypc Sync="TRUE">0</enttypc></enttyp><attr><attrlabl Sync="TRUE">FID</attrlabl><attalias Sync="TRUE">FID</attalias><attrtype Sync="TRUE">OID</attrtype><attwidth Sync="TRUE">4</attwidth><atprecis Sync="TRUE">0</atprecis><attscale Sync="TRUE">0</attscale><attrdef Sync="TRUE">Internal feature number.</attrdef><attrdefs Sync="TRUE">Esri</attrdefs><attrdomv><udom Sync="TRUE">Sequential unique whole numbers that are automatically generated.</udom></attrdomv></attr><attr><attrlabl Sync="TRUE">Shape</attrlabl><attalias Sync="TRUE">Shape</attalias><attrtype Sync="TRUE">Geometry</attrtype><attwidth Sync="TRUE">0</attwidth><atprecis Sync="TRUE">0</atprecis><attscale Sync="TRUE">0</attscale><attrdef Sync="TRUE">Feature geometry.</attrdef><attrdefs Sync="TRUE">ESRI</attrdefs><attrdomv><udom Sync="TRUE">Coordinates defining the features.</udom></attrdomv></attr><attr><attrlabl Sync="TRUE">ID</attrlabl><attalias Sync="TRUE">ID</attalias><attrtype Sync="TRUE">String</attrtype><attwidth Sync="TRUE">16</attwidth><atprecis Sync="TRUE">0</atprecis><attscale Sync="TRUE">0</attscale></attr><attr><attrlabl Sync="TRUE">NAME</attrlabl><attalias Sync="TRUE">NAME</attalias><attrtype Sync="TRUE">String</attrtype><attwidth Sync="TRUE">60</attwidth><atprecis Sync="TRUE">0</atprecis><attscale Sync="TRUE">0</attscale></attr><attr><attrlabl Sync="TRUE">VR</attrlabl><attalias Sync="TRUE">VR</attalias><attrtype Sync="TRUE">Integer</attrtype><attwidth Sync="TRUE">10</attwidth><atprecis Sync="TRUE">10</atprecis><attscale Sync="TRUE">0</attscale></attr><attr><attrlabl Sync="TRUE">MAP</attrlabl><attalias Sync="TRUE">MAP</attalias><attrtype Sync="TRUE">Integer</attrtype><attwidth Sync="TRUE">10</attwidth><atprecis Sync="TRUE">10</atprecis><attscale Sync="TRUE">0</attscale></attr><attr><attrlabl Sync="TRUE">TOTAL</attrlabl><attalias Sync="TRUE">TOTAL</attalias><attrtype Sync="TRUE">Integer</attrtype><attwidth Sync="TRUE">10</attwidth><atprecis Sync="TRUE">10</atprecis><attscale Sync="TRUE">0</attscale></attr><attr><attrlabl Sync="TRUE">STATE</attrlabl><attalias Sync="TRUE">STATE</attalias><attrtype Sync="TRUE">String</attrtype><attwidth Sync="TRUE">8</attwidth><atprecis Sync="TRUE">0</atprecis><attscale Sync="TRUE">0</attscale></attr><attr><attrlabl Sync="TRUE">F2016PDEMR</attrlabl><attalias Sync="TRUE">F2016PDEMR</attalias><attrtype Sync="TRUE">Integer</attrtype><attwidth Sync="TRUE">10</attwidth><atprecis Sync="TRUE">10</atprecis><attscale Sync="TRUE">0</attscale></attr><attr><attrlabl Sync="TRUE">F2016RepRe</attrlabl><attalias Sync="TRUE">F2016RepRe</attalias><attrtype Sync="TRUE">Integer</attrtype><attwidth Sync="TRUE">10</attwidth><atprecis Sync="TRUE">10</atprecis><attscale Sync="TRUE">0</attscale></attr><attr><attrlabl Sync="TRUE">F2016OthRe</attrlabl><attalias Sync="TRUE">F2016OthRe</attalias><attrtype Sync="TRUE">Integer</attrtype><attwidth Sync="TRUE">10</attwidth><atprecis Sync="TRUE">10</atprecis><attscale Sync="TRUE">0</attscale></attr><attr><attrlabl Sync="TRUE">F2016Unaff</attrlabl><attalias Sync="TRUE">F2016Unaff</attalias><attrtype Sync="TRUE">Integer</attrtype><attwidth Sync="TRUE">10</attwidth><atprecis Sync="TRUE">10</atprecis><attscale Sync="TRUE">0</attscale></attr><attr><attrlabl Sync="TRUE">RegDem_Rep</attrlabl><attalias Sync="TRUE">RegDem_Rep</attalias><attrtype Sync="TRUE">Single</attrtype><attwidth Sync="TRUE">13</attwidth><atprecis Sync="TRUE">0</atprecis><attscale Sync="TRUE">0</attscale></attr><attr><attrlabl Sync="TRUE">TurnoutPr1</attrlabl><attalias Sync="TRUE">TurnoutPr1</attalias><attrtype Sync="TRUE">Single</attrtype><attwidth Sync="TRUE">13</attwidth><atprecis Sync="TRUE">0</atprecis><attscale Sync="TRUE">0</attscale></attr><attr><attrlabl Sync="TRUE">F2012Rep</attrlabl><attalias Sync="TRUE">F2012Rep</attalias><attrtype Sync="TRUE">Integer</attrtype><attwidth Sync="TRUE">10</attwidth><atprecis Sync="TRUE">10</atprecis><attscale Sync="TRUE">0</attscale></attr><attr><attrlabl Sync="TRUE">F2012Dem</attrlabl><attalias Sync="TRUE">F2012Dem</attalias><attrtype Sync="TRUE">Integer</attrtype><attwidth Sync="TRUE">10</attwidth><atprecis Sync="TRUE">10</atprecis><attscale Sync="TRUE">0</attscale></attr><attr><attrlabl Sync="TRUE">F2012Other</attrlabl><attalias Sync="TRUE">F2012Other</attalias><attrtype Sync="TRUE">Integer</attrtype><attwidth Sync="TRUE">10</attwidth><atprecis Sync="TRUE">10</atprecis><attscale Sync="TRUE">0</attscale></attr><attr><attrlabl Sync="TRUE">F2012Ind</attrlabl><attalias Sync="TRUE">F2012Ind</attalias><attrtype Sync="TRUE">Integer</attrtype><attwidth Sync="TRUE">10</attwidth><atprecis Sync="TRUE">10</atprecis><attscale Sync="TRUE">0</attscale></attr><attr><attrlabl Sync="TRUE">F2012Turno</attrlabl><attalias Sync="TRUE">F2012Turno</attalias><attrtype Sync="TRUE">Single</attrtype><attwidth Sync="TRUE">13</attwidth><atprecis Sync="TRUE">0</atprecis><attscale Sync="TRUE">0</attscale></attr><attr><attrlabl Sync="TRUE">F2012DemPc</attrlabl><attalias Sync="TRUE">F2012DemPc</attalias><attrtype Sync="TRUE">Single</attrtype><attwidth Sync="TRUE">13</attwidth><atprecis Sync="TRUE">0</atprecis><attscale Sync="TRUE">0</attscale></attr><attr><attrlabl Sync="TRUE">Shape_area</attrlabl><attalias Sync="TRUE">Shape_area</attalias><attrtype Sync="TRUE">Double</attrtype><attwidth Sync="TRUE">19</attwidth><atprecis Sync="TRUE">0</atprecis><attscale Sync="TRUE">0</attscale><attrdef Sync="TRUE">Area of feature in internal units squared.</attrdef><attrdefs Sync="TRUE">Esri</attrdefs><attrdomv><udom Sync="TRUE">Positive real numbers that are automatically generated.</udom></attrdomv></attr><attr><attrlabl Sync="TRUE">Shape_len</attrlabl><attalias Sync="TRUE">Shape_len</attalias><attrtype Sync="TRUE">Double</attrtype><attwidth Sync="TRUE">19</attwidth><atprecis Sync="TRUE">0</atprecis><attscale Sync="TRUE">0</attscale></attr><attr><attrlabl Sync="TRUE">Common</attrlabl><attalias Sync="TRUE">Common</attalias><attrtype Sync="TRUE">Integer</attrtype><attwidth Sync="TRUE">10</attwidth><atprecis Sync="TRUE">10</atprecis><attscale Sync="TRUE">0</attscale></attr></detailed></eainfo><mdDateSt Sync="TRUE">20170831</mdDateSt><dataqual><lineage><procstep><procdesc Sync="TRUE">Dataset copied.</procdesc><srcused Sync="TRUE"/><date Sync="TRUE">20110805</date><time Sync="TRUE">15585200</time></procstep><procstep><procdesc Sync="TRUE">Dataset copied.</procdesc><srcused Sync="TRUE"/><date Sync="TRUE">20110805</date><time Sync="TRUE">20004600</time></procstep></lineage></dataqual></metadata>
