<metadata><idinfo><citation><citeinfo><origin>Robert B. Gordon, Natural Vegetation of Ohio, at the Time of the Earliest Surveys, 1966 map</origin><pubdate>map 1966, digital 2003</pubdate><title>Ohio - Original Vegetation</title><geoform Sync="TRUE">vector digital data</geoform><onlink>\\NR738MOTSCH\C$\Data\Ohio_original_vegetation\or_veg_spn83.shp</onlink><ftname Sync="TRUE">or_veg_spn83</ftname></citeinfo></citation><descript><abstract>Digitization of the Natural Vegetation of Ohio, at the Time of the Earliest Land Survey</abstract><purpose>This dataset is being used as part of the Conservation Blueprint 1.0 being developed for the Multi-LCC Mississippi River Basin/Gulf Hypoxia Initiative.  The purpose of the Conservation Blueprint is to map, evaluate, and select the most strategic and cost effective places to implement integrated strategies that protect and enhance wildlife habitat while complementing ongoing efforts that reduce nutrient loads to the Gulf of Mexico hypoxic zone and benefit agricultural production through ecosystem services.

The Mississippi River Basin/Gulf Hypoxia Initiative, spearheaded by seven Landscape Conservation Cooperatives, is undertaking a strategic and transparent process to create an integrated framework that supports planning, design, configuration, and delivery of wildlife conservation practices within the watershed.  This framework consists of multiple quantitative objectives representing three interests (i.e., wildlife, water quality, agriculture), a tiered set of conservation strategies to achieve those objectives within five production agriculture systems (i.e., corn &amp; soybean; grazing lands; floodplain forest; rice; cotton), and a modeling approach to determine where to best implement those actions within four key ecological systems of the Mississippi River Basin (i.e., headwater row crop fields; upland prairies; mid-sized riparian streams; mainstem floodplains).

The Initiative plans to use this framework to address collaborative needs that will enhance organizational capacity, avoid duplication of effort, streamline prioritization, and align the work of agencies and organizations across multiple scales.  This effort is intended to be complementary to related on-going efforts, like the Gulf of Mexico Hypoxia Task Force, Mississippi River Basin Initiative, and state nutrient reduction initiatives, but with an added emphasis on the ecological and social values of wildlife habitat.</purpose><supplinf>Digitizing completed by the Resource Analysis Section, Divsion of Real Estate &amp; Land Management, ODNR, July 2003</supplinf><langdata Sync="TRUE">en</langdata></descript><timeperd><timeinfo><sngdate><caldate>July 2003</caldate></sngdate></timeinfo><current>publication date</current></timeperd><status><progress>Complete</progress><update>None planned</update></status><spdom><bounding><westbc Sync="TRUE">-84.922019</westbc><eastbc Sync="TRUE">-80.478348</eastbc><northbc Sync="TRUE">41.993436</northbc><southbc Sync="TRUE">38.381203</southbc></bounding><lboundng><leftbc Sync="TRUE">1309865.097194</leftbc><rightbc Sync="TRUE">2518217.929180</rightbc><bottombc Sync="TRUE">-459804.311807</bottombc><topbc Sync="TRUE">847745.560913</topbc></lboundng></spdom><keywords><theme><themekt>vegetation</themekt><themekey>vegetation</themekey></theme><place><placekt>State of Ohio</placekt><placekey>Ohio</placekey></place><theme><themekt>Metadata Service Theme Categories</themekt><themekey>biota</themekey></theme></keywords><accconst>No constraints</accconst><useconst>No constraints</useconst><ptcontac><cntinfo><cntperp><cntper>Bruce Motsch</cntper><cntorg>Real Estate Section, REALM, ODNR</cntorg></cntperp><cntpos>Real Estate Information Manager</cntpos><cntvoice>614-265-6772</cntvoice><cntemail>bruce.motsch@dnr.state.oh.us</cntemail><cntaddr><addrtype>mailing and physical address</addrtype><address>2045 Morse Rd</address><city>Columbus</city><state>Ohio</state><postal>43229-6693</postal><country>USA</country></cntaddr></cntinfo></ptcontac><secinfo><secclass>Unclassified</secclass></secinfo><native Sync="TRUE">Microsoft Windows XP Version 5.1 (Build 2600) Service Pack 3; ESRI ArcCatalog 9.3.1.3000</native><natvform Sync="TRUE">Shapefile</natvform><crossref><citeinfo><origin>ODNR Office of Coastal Management</origin><pubdate>2003</pubdate><title>Ohio Coastal Map Viewer</title><pubinfo><pubplace>Columbus, Ohio, USA</pubplace><publish>Ohio Department of Natural Resources</publish></pubinfo><onlink>http://www.dnr.state.oh.us/website/ocm_gis/mapviewer_app/default.asp</onlink></citeinfo></crossref><crossref><citeinfo><origin>ODNR Office of Coastal Management</origin><pubdate>2003</pubdate><title>Ohio Lake Erie Coastal Map</title><pubinfo><pubplace>Columbus, Ohio, USA</pubplace><publish>Ohio Department of Natural Resources</publish></pubinfo><onlink>http://www.dnr.state.oh.us/website/ocm_gis/mapviewer_app/ocm_mainmap/default.htm</onlink></citeinfo></crossref></idinfo><dataqual><logic>Digitization of 1:500,000 scale map of Natural Vegetation of Ohio, at the Time of the Earliest Land Surveys, 1966, Robert B. Gordon, Ohio Biological Survey</logic><lineage><srcinfo><srcscale>1:500,000</srcscale><typesrc>paper</typesrc><srccontr>Natural Vegetation of Ohio, at the Time of the Earliest Land Surveys, Robert B. Gordon, Ohio Biological Survey, 1966</srccontr></srcinfo><procstep><procdesc>Dataset copied.</procdesc><procdate>July 2003</procdate><proccont><cntinfo><cntperp><cntper>Steve Lewis</cntper><cntorg>Office of Coastal Management, ODNR</cntorg></cntperp><cntpos>Coastal Lands GIS Specialist</cntpos><cntvoice>419-609-4101</cntvoice><cntemail>steve.lewis@dnr.state.oh.us</cntemail></cntinfo></proccont></procstep><procstep><procdesc Sync="TRUE">Metadata imported.</procdesc><srcused Sync="TRUE">\\Nrcoastal\coastal\DataDepot\Coastal Metadata\or_veg_spn83.xml</srcused><date Sync="TRUE">20061207</date><time Sync="TRUE">13024000</time></procstep></lineage></dataqual><spdoinfo><direct Sync="TRUE">Vector</direct><ptvctinf><esriterm Name="Ohio_OriginalVegetation"><efeatyp Sync="TRUE">Simple</efeatyp><efeageom code="4" Sync="TRUE"></efeageom><esritopo Sync="TRUE">FALSE</esritopo><efeacnt Sync="TRUE">0</efeacnt><spindex Sync="TRUE">FALSE</spindex><linrefer Sync="TRUE">FALSE</linrefer></esriterm></ptvctinf></spdoinfo><spref><horizsys><planar><planci><plance Sync="TRUE">coordinate pair</plance><coordrep><absres Sync="TRUE">0.000000</absres><ordres Sync="TRUE">0.000000</ordres></coordrep><plandu Sync="TRUE">survey feet</plandu></planci></planar><geodetic><horizdn Sync="TRUE">North American Datum of 1983</horizdn><ellips Sync="TRUE">Geodetic Reference System 80</ellips><semiaxis Sync="TRUE">6378137.000000</semiaxis><denflat Sync="TRUE">298.257222</denflat></geodetic><cordsysn><geogcsn Sync="TRUE">GCS_North_American_1983</geogcsn><projcsn Sync="TRUE">NAD_1983_StatePlane_Ohio_North_FIPS_3401_Feet</projcsn></cordsysn></horizsys></spref><eainfo><detailed Name="Ohio_OriginalVegetation"><enttyp><enttypl Sync="TRUE">Ohio_OriginalVegetation</enttypl><enttypt Sync="TRUE">Feature Class</enttypt><enttypc Sync="TRUE">0</enttypc></enttyp><attr><attrlabl Sync="TRUE">FID</attrlabl><attalias Sync="TRUE">FID</attalias><attrtype Sync="TRUE">OID</attrtype><attwidth Sync="TRUE">4</attwidth><atprecis Sync="TRUE">0</atprecis><attscale Sync="TRUE">0</attscale><attrdef Sync="TRUE">Internal feature number.</attrdef><attrdefs Sync="TRUE">Esri</attrdefs><attrdomv><udom Sync="TRUE">Sequential unique whole numbers that are automatically generated.</udom></attrdomv></attr><attr><attrlabl>Shape</attrlabl><attrdef>Feature geometry.</attrdef><attrdefs>ESRI</attrdefs><attrdomv><udom>Coordinates defining the features.</udom></attrdomv><attalias Sync="TRUE">Shape</attalias><attrtype Sync="TRUE">Geometry</attrtype><attwidth Sync="TRUE">0</attwidth><atprecis Sync="TRUE">0</atprecis><attscale Sync="TRUE">0</attscale></attr><attr><attrlabl>AREA</attrlabl><attrtype Sync="TRUE">Double</attrtype><attwidth Sync="TRUE">19</attwidth><attalias Sync="TRUE">AREA</attalias><atprecis Sync="TRUE">0</atprecis><attscale Sync="TRUE">0</attscale></attr><attr><attrlabl>PERIMETER</attrlabl><attrtype Sync="TRUE">Double</attrtype><attwidth Sync="TRUE">19</attwidth><attalias Sync="TRUE">PERIMETER</attalias><atprecis Sync="TRUE">0</atprecis><attscale Sync="TRUE">0</attscale></attr><attr><attrlabl>OR_VEG_SPN</attrlabl><attrtype Sync="TRUE">Integer</attrtype><attwidth Sync="TRUE">10</attwidth><attalias Sync="TRUE">OR_VEG_SPN</attalias><atprecis Sync="TRUE">10</atprecis><attscale Sync="TRUE">0</attscale></attr><attr><attrlabl>OR_VEG_S_1</attrlabl><attrtype Sync="TRUE">Integer</attrtype><attwidth Sync="TRUE">10</attwidth><attalias Sync="TRUE">OR_VEG_S_1</attalias><atprecis Sync="TRUE">10</atprecis><attscale Sync="TRUE">0</attscale></attr><attr><attrlabl>VEG_CDE</attrlabl><attrtype Sync="TRUE">Integer</attrtype><attwidth Sync="TRUE">10</attwidth><attrdomv><edom><edomv>1</edomv><edomvd>Beech Forests</edomvd><edomvds>Ohio Biological Service</edomvds></edom><edom><edomv>2</edomv><edomvd>Mixed Oak Forests</edomvd><edomvds>Ohio Biological Service</edomvds></edom><edom><edomv>3</edomv><edomvd>Oak-Sugar Maple Forests</edomvd><edomvds>Ohio Biological Service</edomvds></edom><edom><edomv>4</edomv><edomvd>Elm-Ash Swamp Forests</edomvd><edomvds>Ohio Biological Service</edomvds></edom><edom><edomv>5</edomv><edomvd>Mixed Mesophytic Forests</edomvd><edomvds>Ohio Biological Service</edomvds></edom><edom><edomv>6</edomv><edomvd>Prairie Grasslands</edomvd><edomvds>Ohio Biological Service</edomvds></edom><edom><edomv>7</edomv><edomvd>Oak Savannas</edomvd><edomvds>Ohio Biological Service</edomvds></edom><edom><edomv>8</edomv><edomvd>Freshwater Marshes and Fens</edomvd><edomvds>Ohio Biological Service</edomvds></edom><edom><edomv>9</edomv><edomvd>Sphagnum Peat Bogs</edomvd><edomvds>Ohio Biological Service</edomvds></edom><edom><edomv>10</edomv><edomvd>Bottomland Hardwood Forests</edomvd><edomvds>Ohio Biological Service</edomvds></edom><edom><edomv>11</edomv><edomvd>Mixed Mesophytic Forests - hemlock-beech-chestnut-red oak (On North-facing slopes of the Portage Escarpment in Lake and Ashtabula counties)</edomvd><edomvds>Ohio Biological Service</edomvds></edom><edom><edomv>12</edomv><edomvd>White Pine-Red Maple Swamp Forests (This area was unrated on the original map and has been rated by the ODNR, Div. of Natural Areas and Preserves)</edomvd><edomvds>ODNR-Division of Natural Areas and Preserves</edomvds></edom><edom><edomv>13</edomv><edomvd>Beach (Cedar Point also not rated on the original map)</edomvd><edomvds>ODNR-Division of Natural Areas and Preserves</edomvds></edom></attrdomv><attrdef>Original Vegetation Codes</attrdef><attrdefs>Ohio Biological Service except as otherwise noted</attrdefs><attalias Sync="TRUE">VEG_CDE</attalias><atprecis Sync="TRUE">10</atprecis><attscale Sync="TRUE">0</attscale></attr><attr><attrlabl Sync="TRUE">Shape_Leng</attrlabl><attalias Sync="TRUE">Shape_Leng</attalias><attrtype Sync="TRUE">Double</attrtype><attwidth Sync="TRUE">19</attwidth><atprecis Sync="TRUE">0</atprecis><attscale Sync="TRUE">0</attscale></attr><attr><attrlabl Sync="TRUE">Shape_Area</attrlabl><attalias Sync="TRUE">Shape_Area</attalias><attrtype Sync="TRUE">Double</attrtype><attwidth Sync="TRUE">19</attwidth><atprecis Sync="TRUE">0</atprecis><attscale Sync="TRUE">0</attscale><attrdef Sync="TRUE">Area of feature in internal units squared.</attrdef><attrdefs Sync="TRUE">Esri</attrdefs><attrdomv><udom Sync="TRUE">Positive real numbers that are automatically generated.</udom></attrdomv></attr></detailed></eainfo><distinfo><distrib><cntinfo><cntperp><cntorg>Ohio Department of Natural Resources</cntorg></cntperp></cntinfo></distrib><resdesc>Downloadable Data</resdesc><distliab>The Ohio Department of Natural Resources (DNR) provides this geographic data "as is." DNR makes no guarantee or warranty concerning the accuracy of information contained in the geographic data. DNR further makes no warranties, either expressed or implied, as to the condition of the product, or its fitness for any particular purpose. The burden for determining fitness for use lies entirely with the user. Although these data have been processed successfully on computers of DNR, no warranty, expressed or implied, is made by DNR regarding the use of these data on any other system, nor does the fact of distribution constitute or imply any such warranty. In no event shall the DNR have any liability whatsoever for payment of any consequential, incidental, indirect, special, or tort damages of any kind, including, but not limited to, any loss of profits arising out of use of or reliance on the geographic data.</distliab><stdorder><digform><digtinfo><transize>4.540</transize><dssize Sync="TRUE">4.540</dssize></digtinfo><digtopt><onlinopt><computer><networka><networkr>http://www.dnr.state.oh.us/website/ocm_gis/mapviewer_app/default.asp</networkr></networka></computer><accinstr>open the "Land Use/Land Cover" Map Topics group, choose "Original Vegetation" from Map Topics list, choose "Download GIS Data" from list, click "Download GIS Data" from Map Products list.</accinstr><oncomp>Intel/Windows</oncomp></onlinopt><onlinopt><computer><networka><networkr>http://www.dnr.state.oh.us/website/ocm_gis/mapviewer_app/ocm_mainmap/default.htm</networkr></networka></computer><accinstr>click "Data" tool, choose "Original Vegetation" from layers list, click "Start Download" button</accinstr><oncomp>Intel/Windows</oncomp></onlinopt></digtopt></digform></stdorder><custom>none</custom><techpreq>ESRI software</techpreq></distinfo><metainfo><metd Sync="TRUE">20110120</metd><metc><cntinfo><cntorgp><cntorg>REQUIRED: The organization responsible for the metadata information.</cntorg><cntper>REQUIRED: The person responsible for the metadata information.</cntper></cntorgp><cntaddr><addrtype>REQUIRED: The mailing and/or physical address for the organization or individual.</addrtype><city>REQUIRED: The city of the address.</city><state>REQUIRED: The state or province of the address.</state><postal>REQUIRED: The ZIP or other postal code of the address.</postal></cntaddr><cntvoice>REQUIRED: The telephone number by which individuals can speak to the organization or individual.</cntvoice></cntinfo></metc><metstdn Sync="TRUE">FGDC Content Standards for Digital Geospatial Metadata</metstdn><metstdv Sync="TRUE">FGDC-STD-001-1998</metstdv><mettc Sync="TRUE">local time</mettc><metextns><onlink>http://www.esri.com/metadata/esriprof80.html</onlink><metprof>ESRI Metadata Profile</metprof></metextns><langmeta Sync="TRUE">en</langmeta></metainfo><Esri><CreaDate>20140802</CreaDate><CreaTime>13222500</CreaTime><SyncOnce>FALSE</SyncOnce><SyncDate>20150819</SyncDate><SyncTime>18422400</SyncTime><ModDate>20150819</ModDate><ModTime>18422400</ModTime><DataProperties><itemProps><itemName Sync="TRUE">Ohio_OriginalVegetation</itemName><imsContentType Sync="TRUE">002</imsContentType><nativeExtBox><westBL Sync="TRUE">922758.080948</westBL><eastBL Sync="TRUE">1292645.409572</eastBL><southBL Sync="TRUE">1790390.165555</southBL><northBL Sync="TRUE">2211833.818623</northBL><exTypeCode Sync="TRUE">1</exTypeCode></nativeExtBox><itemSize Sync="TRUE">0.000</itemSize><itemLocation><linkage Sync="TRUE">file://\\SASSAFRAS2\E$\TMP_GIS\MRB_Export\Habitats\Vector\Ohio_OriginalVegetation.shp</linkage><protocol Sync="TRUE">Local Area Network</protocol></itemLocation></itemProps><coordRef><type Sync="TRUE">Projected</type><geogcsn Sync="TRUE">GCS_North_American_1983</geogcsn><csUnits Sync="TRUE">Linear Unit: Meter (1.000000)</csUnits><projcsn Sync="TRUE">USA_Contiguous_Albers_Equal_Area_Conic_USGS_version</projcsn><peXml Sync="TRUE">&lt;ProjectedCoordinateSystem xsi:type='typens:ProjectedCoordinateSystem' xmlns:xsi='http://www.w3.org/2001/XMLSchema-instance' xmlns:xs='http://www.w3.org/2001/XMLSchema' xmlns:typens='http://www.esri.com/schemas/ArcGIS/10.3'&gt;&lt;WKT&gt;PROJCS[&amp;quot;USA_Contiguous_Albers_Equal_Area_Conic_USGS_version&amp;quot;,GEOGCS[&amp;quot;GCS_North_American_1983&amp;quot;,DATUM[&amp;quot;D_North_American_1983&amp;quot;,SPHEROID[&amp;quot;GRS_1980&amp;quot;,6378137.0,298.257222101]],PRIMEM[&amp;quot;Greenwich&amp;quot;,0.0],UNIT[&amp;quot;Degree&amp;quot;,0.0174532925199433]],PROJECTION[&amp;quot;Albers&amp;quot;],PARAMETER[&amp;quot;False_Easting&amp;quot;,0.0],PARAMETER[&amp;quot;False_Northing&amp;quot;,0.0],PARAMETER[&amp;quot;Central_Meridian&amp;quot;,-96.0],PARAMETER[&amp;quot;Standard_Parallel_1&amp;quot;,29.5],PARAMETER[&amp;quot;Standard_Parallel_2&amp;quot;,45.5],PARAMETER[&amp;quot;Latitude_Of_Origin&amp;quot;,23.0],UNIT[&amp;quot;Meter&amp;quot;,1.0],AUTHORITY[&amp;quot;ESRI&amp;quot;,102039]]&lt;/WKT&gt;&lt;XOrigin&gt;-16901100&lt;/XOrigin&gt;&lt;YOrigin&gt;-6972200&lt;/YOrigin&gt;&lt;XYScale&gt;266467840.99085236&lt;/XYScale&gt;&lt;ZOrigin&gt;-100000&lt;/ZOrigin&gt;&lt;ZScale&gt;10000&lt;/ZScale&gt;&lt;MOrigin&gt;-100000&lt;/MOrigin&gt;&lt;MScale&gt;10000&lt;/MScale&gt;&lt;XYTolerance&gt;0.001&lt;/XYTolerance&gt;&lt;ZTolerance&gt;0.001&lt;/ZTolerance&gt;&lt;MTolerance&gt;0.001&lt;/MTolerance&gt;&lt;HighPrecision&gt;true&lt;/HighPrecision&gt;&lt;WKID&gt;102039&lt;/WKID&gt;&lt;LatestWKID&gt;102039&lt;/LatestWKID&gt;&lt;/ProjectedCoordinateSystem&gt;</peXml></coordRef></DataProperties><ArcGISFormat>1.0</ArcGISFormat><ArcGISstyle>FGDC CSDGM Metadata</ArcGISstyle><scaleRange><minScale>150000000</minScale><maxScale>5000</maxScale></scaleRange><ArcGISProfile>FGDC</ArcGISProfile></Esri><dataIdInfo><envirDesc Sync="TRUE">Microsoft Windows 7 Version 6.1 (Build 7601) Service Pack 1; Esri ArcGIS 10.3.1.4959</envirDesc><dataLang><languageCode Sync="TRUE" value="eng"/><countryCode value="USA" Sync="TRUE"/></dataLang><idCitation><resTitle Sync="FALSE">Ohio - Original Vegetation</resTitle><presForm><PresFormCd Sync="TRUE" value="005"/></presForm></idCitation><spatRpType><SpatRepTypCd Sync="TRUE" value="001"/></spatRpType><dataExt><geoEle><GeoBndBox esriExtentType="native"><westBL Sync="TRUE">1309865.097194</westBL><eastBL Sync="TRUE">2518217.92918</eastBL><northBL Sync="TRUE">847745.560913</northBL><southBL Sync="TRUE">-459804.311807</southBL><exTypeCode Sync="TRUE">1</exTypeCode></GeoBndBox></geoEle></dataExt><geoBox esriExtentType="decdegrees"><westBL Sync="TRUE">-84.922019</westBL><eastBL Sync="TRUE">-80.478348</eastBL><northBL Sync="TRUE">41.993436</northBL><southBL Sync="TRUE">38.381203</southBL><exTypeCode Sync="TRUE">1</exTypeCode></geoBox><dataExt><geoEle xmlns=""><GeoBndBox esriExtentType="search"><exTypeCode Sync="TRUE">1</exTypeCode><westBL Sync="TRUE">-85.270842</westBL><eastBL Sync="TRUE">-80.227982</eastBL><northBL Sync="TRUE">42.410864</northBL><southBL Sync="TRUE">38.227948</southBL></GeoBndBox></geoEle></dataExt><idPurp>This dataset is being used as part of the Conservation Blueprint 1.0 being developed for the Multi-LCC Mississippi River Basin/Gulf Hypoxia Initiative.  The purpose of the Conservation Blueprint is to map, evaluate, and select the most strategic and cost effective places to implement integrated strategies that protect and enhance wildlife habitat while complementing ongoing efforts that reduce nutrient loads to the Gulf of Mexico hypoxic zone and benefit agricultural production through ecosystem services.

The Mississippi River Basin/Gulf Hypoxia Initiative, spearheaded by seven Landscape Conservation Cooperatives, is undertaking a strategic and transparent process to create an integrated framework that supports planning, design, configuration, and delivery of wildlife conservation practices within the watershed.  This framework consists of multiple quantitative objectives representing three interests (i.e., wildlife, water quality, agriculture), a tiered set of conservation strategies to achieve those objectives within five production agriculture systems (i.e., corn &amp; soybean; grazing lands; floodplain forest; rice; cotton), and a modeling approach to determine where to best implement those actions within four key ecological systems of the Mississippi River Basin (i.e., headwater row crop fields; upland prairies; mid-sized riparian streams; mainstem floodplains).

The Initiative plans to use this framework to address collaborative needs that will enhance organizational capacity, avoid duplication of effort, streamline prioritization, and align the work of agencies and organizations across multiple scales.  This effort is intended to be complementary to related on-going efforts, like the Gulf of Mexico Hypoxia Task Force, Mississippi River Basin Initiative, and state nutrient reduction initiatives, but with an added emphasis on the ecological and social values of wildlife habitat.</idPurp><idAbs>&lt;DIV STYLE="text-align:Left;"&gt;&lt;DIV&gt;&lt;P&gt;&lt;SPAN&gt;Digitization of the Natural Vegetation of Ohio, at the Time of the Earliest Land Survey&lt;/SPAN&gt;&lt;/P&gt;&lt;/DIV&gt;&lt;/DIV&gt;</idAbs><idCredit>Ohio DNR, 2003</idCredit><searchKeys><keyword>agriculture</keyword><keyword>conservation</keyword><keyword>gulf hypoxia</keyword><keyword>hypoxia</keyword><keyword>eutrophication</keyword><keyword>LCC</keyword><keyword>landscape conservation cooperative</keyword><keyword>water quality</keyword><keyword>habitat</keyword><keyword>species</keyword><keyword>fish</keyword><keyword>wildlife</keyword><keyword>birds</keyword><keyword>pollinators</keyword><keyword>species distribution</keyword><keyword>landscape conservation design</keyword><keyword>conservation delivery</keyword><keyword>strategic conservation</keyword><keyword>mississippi river basin</keyword><keyword>structured decision making</keyword><keyword>sdm</keyword><keyword>vegetation</keyword><keyword>biota</keyword></searchKeys><resConst><Consts><useLimit>&lt;DIV STYLE="text-align:Left;"&gt;&lt;DIV&gt;&lt;P&gt;&lt;SPAN&gt;No constraints&lt;/SPAN&gt;&lt;/P&gt;&lt;/DIV&gt;&lt;/DIV&gt;</useLimit></Consts></resConst></dataIdInfo><mdLang><languageCode Sync="TRUE" value="eng"/><countryCode value="USA" Sync="TRUE"/></mdLang><mdStanName Sync="TRUE">ISO 19115 Geographic Information - Metadata</mdStanName><mdStanVer Sync="TRUE">DIS_ESRI1.0</mdStanVer><mdChar><CharSetCd Sync="TRUE" value="006"/></mdChar><mdHrLv><ScopeCd Sync="TRUE" value="005"/></mdHrLv><mdHrLvName Sync="TRUE">dataset</mdHrLvName><distInfo><distributor><distorTran><onLineSrc><orDesc Sync="TRUE">002</orDesc><linkage Sync="TRUE">file://\\Nrcoastal\Coastal\DataDepot\Statewide\Original_Vegetation\or_veg_spn83.shp</linkage><protocol Sync="TRUE">Local Area Network</protocol></onLineSrc><transSize Sync="TRUE">4.540</transSize></distorTran><distorFormat><formatName Sync="TRUE">Shapefile</formatName></distorFormat></distributor><distFormat><formatName Sync="TRUE">Shapefile</formatName></distFormat><distTranOps><transSize Sync="TRUE">0.000</transSize></distTranOps></distInfo><refSysInfo><RefSystem><refSysID><identCode Sync="TRUE" code="102039">NAD_1983_StatePlane_Ohio_North_FIPS_3401_Feet</identCode><idCodeSpace Sync="TRUE">ESRI</idCodeSpace><idVersion Sync="TRUE">10.3.1</idVersion></refSysID></RefSystem></refSysInfo><spatRepInfo><VectSpatRep><geometObjs Name="Ohio_OriginalVegetation"><geoObjTyp><GeoObjTypCd value="002" Sync="TRUE"></GeoObjTypCd></geoObjTyp><geoObjCnt Sync="TRUE">0</geoObjCnt></geometObjs><topLvl><TopoLevCd value="001" Sync="TRUE"></TopoLevCd></topLvl></VectSpatRep></spatRepInfo><mdDateSt Sync="TRUE">20150819</mdDateSt></metadata>
